<?xml version="1.0"?>
<doc>
    <assembly>
        <name>Microsoft.AspNet.Mvc.DataAnnotations</name>
    </assembly>
    <members>
        <member name="T:Microsoft.AspNet.Mvc.ModelBinding.Validation.DataAnnotationsClientModelValidator`1">
            <summary>
            An implementation of <see cref="T:Microsoft.AspNet.Mvc.ModelBinding.Validation.IClientModelValidator"/> which understands data annotation attributes.
            </summary>
            <typeparam name="TAttribute">The type of the attribute.</typeparam>
        </member>
        <member name="M:Microsoft.AspNet.Mvc.ModelBinding.Validation.DataAnnotationsClientModelValidator`1.#ctor(`0)">
            <summary>
            Create a new instance of <see cref="T:Microsoft.AspNet.Mvc.ModelBinding.Validation.DataAnnotationsClientModelValidator`1"/>.
            </summary>
            <param name="attribute">The <typeparamref name="TAttribute"/> instance to validate.</param>
        </member>
        <member name="P:Microsoft.AspNet.Mvc.ModelBinding.Validation.DataAnnotationsClientModelValidator`1.Attribute">
            <summary>
            Gets the <typeparamref name="TAttribute"/> instance.
            </summary>
        </member>
        <member name="M:Microsoft.AspNet.Mvc.ModelBinding.Validation.DataAnnotationsClientModelValidator`1.GetClientValidationRules(Microsoft.AspNet.Mvc.ModelBinding.Validation.ClientModelValidationContext)">
            <inheritdoc />
        </member>
        <member name="M:Microsoft.AspNet.Mvc.ModelBinding.Validation.DataAnnotationsClientModelValidator`1.GetErrorMessage(Microsoft.AspNet.Mvc.ModelBinding.ModelMetadata)">
            <summary>
            Gets the error message formatted using the <see cref="P:Microsoft.AspNet.Mvc.ModelBinding.Validation.DataAnnotationsClientModelValidator`1.Attribute"/>.
            </summary>
            <param name="modelMetadata">The <see cref="T:Microsoft.AspNet.Mvc.ModelBinding.ModelMetadata"/> associated with the model annotated with
            <see cref="P:Microsoft.AspNet.Mvc.ModelBinding.Validation.DataAnnotationsClientModelValidator`1.Attribute"/>.</param>
            <returns>Formatted error string.</returns>
        </member>
        <member name="T:Microsoft.AspNet.Mvc.ModelBinding.Validation.DataAnnotationsClientModelValidatorProvider">
            <summary>
            An implementation of <see cref="T:Microsoft.AspNet.Mvc.ModelBinding.Validation.IClientModelValidatorProvider"/> which provides client validators
            for attributes which derive from <see cref="T:System.ComponentModel.DataAnnotations.ValidationAttribute"/>. It also provides
            a validator for types which implement <see cref="T:Microsoft.AspNet.Mvc.ModelBinding.Validation.IClientModelValidator"/>.
            The logic to support <see cref="T:Microsoft.AspNet.Mvc.ModelBinding.Validation.IClientModelValidator"/>
            is implemented in <see cref="T:Microsoft.AspNet.Mvc.ModelBinding.Validation.DataAnnotationsClientModelValidator`1"/>.
            </summary>
        </member>
        <member name="M:Microsoft.AspNet.Mvc.ModelBinding.Validation.DataAnnotationsClientModelValidatorProvider.GetValidators(Microsoft.AspNet.Mvc.ModelBinding.Validation.ClientValidatorProviderContext)">
            <inheritdoc />
        </member>
        <member name="T:Microsoft.AspNet.Mvc.ModelBinding.Validation.DataAnnotationsModelValidatorProvider">
            <summary>
            An implementation of <see cref="T:Microsoft.AspNet.Mvc.ModelBinding.Validation.IModelValidatorProvider"/> which provides validators
            for attributes which derive from <see cref="T:System.ComponentModel.DataAnnotations.ValidationAttribute"/>. It also provides
            a validator for types which implement <see cref="T:System.ComponentModel.DataAnnotations.IValidatableObject"/>.
            </summary>
        </member>
        <member name="T:Microsoft.AspNet.Mvc.ModelBinding.Validation.DataTypeAttributeAdapter">
            <summary>
            A validation adapter that is used to map <see cref="T:System.ComponentModel.DataAnnotations.DataTypeAttribute"/>'s to a single client side validation
            rule.
            </summary>
        </member>
        <member name="T:Microsoft.AspNet.Mvc.ModelBinding.Validation.DefaultClientModelValidatorProvider">
            <summary>
            A default implementation of <see cref="T:Microsoft.AspNet.Mvc.ModelBinding.Validation.IClientModelValidatorProvider"/>.
            </summary>
            <remarks>
            The <see cref="T:Microsoft.AspNet.Mvc.ModelBinding.Validation.DefaultClientModelValidatorProvider"/> provides validators from 
            <see cref="T:Microsoft.AspNet.Mvc.ModelBinding.Validation.IClientModelValidator"/> instances in <see cref="P:Microsoft.AspNet.Mvc.ModelBinding.ModelMetadata.ValidatorMetadata"/>.
            </remarks>
        </member>
        <member name="M:Microsoft.AspNet.Mvc.ModelBinding.Validation.DefaultClientModelValidatorProvider.GetValidators(Microsoft.AspNet.Mvc.ModelBinding.Validation.ClientValidatorProviderContext)">
            <inheritdoc />
        </member>
        <member name="T:Microsoft.AspNet.Mvc.ModelBinding.Validation.ModelClientValidationEqualToRule">
            <summary>
            Represents client side validation rule that determines if two values are equal.
            </summary>
        </member>
        <member name="T:Microsoft.AspNet.Mvc.ModelBinding.Validation.ModelClientValidationNumericRule">
            <summary>
            This is a <see cref="T:Microsoft.AspNet.Mvc.ModelBinding.Validation.ModelClientValidationRule"/> for numeric values.
            </summary>
        </member>
        <member name="M:Microsoft.AspNet.Mvc.ModelBinding.Validation.ModelClientValidationNumericRule.#ctor(System.String)">
            <summary>
            Creates an instance of <see cref="T:Microsoft.AspNet.Mvc.ModelBinding.Validation.ModelClientValidationNumericRule"/>
            with the given <paramref name="errorMessage"/>.
            </summary>
            <param name="errorMessage">The error message to be displayed.</param>
        </member>
        <member name="T:Microsoft.AspNet.Mvc.ModelBinding.Validation.NumericClientModelValidator">
            <summary>
            An implementation of <see cref="T:Microsoft.AspNet.Mvc.ModelBinding.Validation.IClientModelValidator"/> that provides the rule for validating
            numeric types.
            </summary>
        </member>
        <member name="M:Microsoft.AspNet.Mvc.ModelBinding.Validation.NumericClientModelValidator.GetClientValidationRules(Microsoft.AspNet.Mvc.ModelBinding.Validation.ClientModelValidationContext)">
            <inheritdoc />
        </member>
        <member name="T:Microsoft.AspNet.Mvc.ModelBinding.Validation.NumericClientModelValidatorProvider">
            <summary>
            An implementation of <see cref="T:Microsoft.AspNet.Mvc.ModelBinding.Validation.IClientModelValidatorProvider"/> which provides client validators
            for specific numeric types.
            </summary>
        </member>
        <member name="M:Microsoft.AspNet.Mvc.ModelBinding.Validation.NumericClientModelValidatorProvider.GetValidators(Microsoft.AspNet.Mvc.ModelBinding.Validation.ClientValidatorProviderContext)">
            <inheritdoc />
        </member>
        <member name="T:Microsoft.AspNet.Mvc.ModelBinding.Metadata.DataAnnotationsMetadataProvider">
            <summary>
            An implementation of <see cref="T:Microsoft.AspNet.Mvc.ModelBinding.Metadata.IBindingMetadataProvider"/> and <see cref="T:Microsoft.AspNet.Mvc.ModelBinding.Metadata.IDisplayMetadataProvider"/> for
            the System.ComponentModel.DataAnnotations attribute classes.
            </summary>
        </member>
        <member name="M:Microsoft.AspNet.Mvc.ModelBinding.Metadata.DataAnnotationsMetadataProvider.GetBindingMetadata(Microsoft.AspNet.Mvc.ModelBinding.Metadata.BindingMetadataProviderContext)">
            <inheritdoc />
        </member>
        <member name="M:Microsoft.AspNet.Mvc.ModelBinding.Metadata.DataAnnotationsMetadataProvider.GetDisplayMetadata(Microsoft.AspNet.Mvc.ModelBinding.Metadata.DisplayMetadataProviderContext)">
            <inheritdoc />
        </member>
        <member name="M:Microsoft.AspNet.Mvc.ModelBinding.Metadata.DataAnnotationsMetadataProvider.GetValidationMetadata(Microsoft.AspNet.Mvc.ModelBinding.Metadata.ValidationMetadataProviderContext)">
            <inheritdoc />
        </member>
        <member name="T:Microsoft.AspNet.Mvc.HiddenInputAttribute">
            <summary>
            Indicates associated property or all properties of associated type should be edited using an &lt;input&gt;
            element of type "hidden".
            </summary>
            <remarks>
            When overriding a <see cref="T:Microsoft.AspNet.Mvc.HiddenInputAttribute"/> inherited from a base class, should apply both
            <c>[HiddenInput(DisplayValue = true)]</c> (if the inherited attribute had <c>DisplayValue = false</c>) and a
            <see cref="T:System.ComponentModel.DataAnnotations.UIHintAttribute"/> with some value other than "HiddenInput".
            </remarks>
        </member>
        <member name="M:Microsoft.AspNet.Mvc.HiddenInputAttribute.#ctor">
            <summary>
            Instantiates a new instance of the <see cref="T:Microsoft.AspNet.Mvc.HiddenInputAttribute"/> class.
            </summary>
        </member>
        <member name="P:Microsoft.AspNet.Mvc.HiddenInputAttribute.DisplayValue">
            <summary>
            Gets or sets a value indicating whether to display the value as well as provide a hidden &lt;input&gt;
            element. The default value is <c>true</c>.
            </summary>
            <remarks>
            If <c>false</c>, also causes the default <see cref="T:System.Object"/> display and editor templates to return HTML
            lacking the usual per-property &lt;div&gt; wrapper around the associated property and the default display
            "HiddenInput" template to return <c>string.Empty</c> for the associated property. Thus the default
            <see cref="T:System.Object"/> display template effectively skips the property and the default <see cref="T:System.Object"/>
            editor template returns only the hidden &lt;input&gt; element for the property.
            </remarks>
        </member>
        <member name="T:Microsoft.AspNet.Mvc.MvcDataAnnotationsMvcOptionsSetup">
            <summary>
            Sets up default options for <see cref="T:Microsoft.AspNet.Mvc.MvcOptions"/>.
            </summary>
        </member>
        <member name="P:Microsoft.AspNet.Mvc.DataAnnotations.Resources.ValidatableObjectAdapter_IncompatibleType">
            <summary>
            The model object inside the metadata claimed to be compatible with '{0}', but was actually '{1}'.
            </summary>
        </member>
        <member name="M:Microsoft.AspNet.Mvc.DataAnnotations.Resources.FormatValidatableObjectAdapter_IncompatibleType(System.Object,System.Object)">
            <summary>
            The model object inside the metadata claimed to be compatible with '{0}', but was actually '{1}'.
            </summary>
        </member>
        <member name="P:Microsoft.AspNet.Mvc.DataAnnotations.Resources.ArgumentCannotBeNullOrEmpty">
            <summary>
            Value cannot be null or empty.
            </summary>
        </member>
        <member name="M:Microsoft.AspNet.Mvc.DataAnnotations.Resources.FormatArgumentCannotBeNullOrEmpty">
            <summary>
            Value cannot be null or empty.
            </summary>
        </member>
        <member name="P:Microsoft.AspNet.Mvc.DataAnnotations.Resources.NumericClientModelValidator_FieldMustBeNumber">
            <summary>
            The field {0} must be a number.
            </summary>
        </member>
        <member name="M:Microsoft.AspNet.Mvc.DataAnnotations.Resources.FormatNumericClientModelValidator_FieldMustBeNumber(System.Object)">
            <summary>
            The field {0} must be a number.
            </summary>
        </member>
        <member name="T:Microsoft.Framework.Internal.ClosedGenericMatcher">
            <summary>
            Helper related to generic interface definitions and implementing classes.
            </summary>
        </member>
        <member name="M:Microsoft.Framework.Internal.ClosedGenericMatcher.ExtractGenericInterface(System.Type,System.Type)">
            <summary>
            Determine whether <paramref name="queryType"/> is or implements a closed generic <see cref="T:System.Type"/>
            created from <paramref name="interfaceType"/>.
            </summary>
            <param name="queryType">The <see cref="T:System.Type"/> of interest.</param>
            <param name="interfaceType">The open generic <see cref="T:System.Type"/> to match. Usually an interface.</param>
            <returns>
            The closed generic <see cref="T:System.Type"/> created from <paramref name="interfaceType"/> that
            <paramref name="queryType"/> is or implements. <c>null</c> if the two <see cref="T:System.Type"/>s have no such
            relationship.
            </returns>
            <remarks>
            This method will return <paramref name="queryType"/> if <paramref name="interfaceType"/> is
            <c>typeof(KeyValuePair{,})</c>, and <paramref name="queryType"/> is
            <c>typeof(KeyValuePair{string, object})</c>.
            </remarks>
        </member>
    </members>
</doc>
