<?xml version="1.0"?>
<doc>
    <assembly>
        <name>Microsoft.AspNet.Mvc.TagHelpers</name>
    </assembly>
    <members>
        <member name="T:Microsoft.AspNet.Mvc.TagHelpers.AnchorTagHelper">
            <summary>
            <see cref="T:Microsoft.AspNet.Razor.Runtime.TagHelpers.ITagHelper"/> implementation targeting &lt;a&gt; elements.
            </summary>
        </member>
        <member name="M:Microsoft.AspNet.Mvc.TagHelpers.AnchorTagHelper.#ctor(Microsoft.AspNet.Mvc.Rendering.IHtmlGenerator)">
            <summary>
            Creates a new <see cref="T:Microsoft.AspNet.Mvc.TagHelpers.AnchorTagHelper"/>.
            </summary>
            <param name="generator">The <see cref="T:Microsoft.AspNet.Mvc.Rendering.IHtmlGenerator"/>.</param>
        </member>
        <member name="P:Microsoft.AspNet.Mvc.TagHelpers.AnchorTagHelper.Action">
            <summary>
            The name of the action method.
            </summary>
            <remarks>Must be <c>null</c> if <see cref="P:Microsoft.AspNet.Mvc.TagHelpers.AnchorTagHelper.Route"/> is non-<c>null</c>.</remarks>
        </member>
        <member name="P:Microsoft.AspNet.Mvc.TagHelpers.AnchorTagHelper.Controller">
            <summary>
            The name of the controller.
            </summary>
            <remarks>Must be <c>null</c> if <see cref="P:Microsoft.AspNet.Mvc.TagHelpers.AnchorTagHelper.Route"/> is non-<c>null</c>.</remarks>
        </member>
        <member name="P:Microsoft.AspNet.Mvc.TagHelpers.AnchorTagHelper.Protocol">
            <summary>
            The protocol for the URL, such as &quot;http&quot; or &quot;https&quot;.
            </summary>
        </member>
        <member name="P:Microsoft.AspNet.Mvc.TagHelpers.AnchorTagHelper.Host">
            <summary>
            The host name.
            </summary>
        </member>
        <member name="P:Microsoft.AspNet.Mvc.TagHelpers.AnchorTagHelper.Fragment">
            <summary>
            The URL fragment name.
            </summary>
        </member>
        <member name="P:Microsoft.AspNet.Mvc.TagHelpers.AnchorTagHelper.Route">
            <summary>
            Name of the route.
            </summary>
            <remarks>
            Must be <c>null</c> if <see cref="P:Microsoft.AspNet.Mvc.TagHelpers.AnchorTagHelper.Action"/> or <see cref="P:Microsoft.AspNet.Mvc.TagHelpers.AnchorTagHelper.Controller"/> is non-<c>null</c>.
            </remarks>
        </member>
        <member name="P:Microsoft.AspNet.Mvc.TagHelpers.AnchorTagHelper.RouteValues">
            <summary>
            Additional parameters for the route.
            </summary>
        </member>
        <member name="M:Microsoft.AspNet.Mvc.TagHelpers.AnchorTagHelper.Process(Microsoft.AspNet.Razor.Runtime.TagHelpers.TagHelperContext,Microsoft.AspNet.Razor.Runtime.TagHelpers.TagHelperOutput)">
            <inheritdoc />
            <remarks>Does nothing if user provides an <c>href</c> attribute.</remarks>
            <exception cref="T:System.InvalidOperationException">
            Thrown if <c>href</c> attribute is provided and <see cref="P:Microsoft.AspNet.Mvc.TagHelpers.AnchorTagHelper.Action"/>, <see cref="P:Microsoft.AspNet.Mvc.TagHelpers.AnchorTagHelper.Controller"/>,
            <see cref="P:Microsoft.AspNet.Mvc.TagHelpers.AnchorTagHelper.Fragment"/>, <see cref="P:Microsoft.AspNet.Mvc.TagHelpers.AnchorTagHelper.Host"/>, <see cref="P:Microsoft.AspNet.Mvc.TagHelpers.AnchorTagHelper.Protocol"/>, or <see cref="P:Microsoft.AspNet.Mvc.TagHelpers.AnchorTagHelper.Route"/> are
            non-<c>null</c> or if the user provided <c>asp-route-*</c> attributes. Also thrown if <see cref="P:Microsoft.AspNet.Mvc.TagHelpers.AnchorTagHelper.Route"/>
            and one or both of <see cref="P:Microsoft.AspNet.Mvc.TagHelpers.AnchorTagHelper.Action"/> and <see cref="P:Microsoft.AspNet.Mvc.TagHelpers.AnchorTagHelper.Controller"/> are non-<c>null</c>.
            </exception>
        </member>
        <member name="T:Microsoft.AspNet.Mvc.TagHelpers.CacheTagHelper">
            <summary>
            <see cref="T:Microsoft.AspNet.Razor.Runtime.TagHelpers.TagHelper"/> implementation targeting &lt;cache&gt; elements.
            </summary>
        </member>
        <member name="F:Microsoft.AspNet.Mvc.TagHelpers.CacheTagHelper.CacheKeyPrefix">
            <summary>
            Prefix used by <see cref="T:Microsoft.AspNet.Mvc.TagHelpers.CacheTagHelper"/> instances when creating entries in <see cref="P:Microsoft.AspNet.Mvc.TagHelpers.CacheTagHelper.MemoryCache"/>.
            </summary>
        </member>
        <member name="M:Microsoft.AspNet.Mvc.TagHelpers.CacheTagHelper.#ctor(Microsoft.Framework.Caching.Memory.IMemoryCache)">
            <summary>
            Creates a new <see cref="T:Microsoft.AspNet.Mvc.TagHelpers.CacheTagHelper"/>.
            </summary>
            <param name="memoryCache">The <see cref="T:Microsoft.Framework.Caching.Memory.IMemoryCache"/>.</param>
        </member>
        <member name="P:Microsoft.AspNet.Mvc.TagHelpers.CacheTagHelper.MemoryCache">
            <summary>
            Gets the <see cref="T:Microsoft.Framework.Caching.Memory.IMemoryCache"/> instance used to cache entries.
            </summary>
        </member>
        <member name="P:Microsoft.AspNet.Mvc.TagHelpers.CacheTagHelper.ViewContext">
            <summary>
            Gets or sets the <see cref="P:Microsoft.AspNet.Mvc.TagHelpers.CacheTagHelper.ViewContext"/> for the current executing View.
            </summary>
        </member>
        <member name="P:Microsoft.AspNet.Mvc.TagHelpers.CacheTagHelper.VaryBy">
            <summary>
            Gets or sets a <see cref="T:System.String" /> to vary the cached result by.
            </summary>
        </member>
        <member name="P:Microsoft.AspNet.Mvc.TagHelpers.CacheTagHelper.VaryByHeader">
            <summary>
            Gets or sets the name of a HTTP request header to vary the cached result by.
            </summary>
        </member>
        <member name="P:Microsoft.AspNet.Mvc.TagHelpers.CacheTagHelper.VaryByQuery">
            <summary>
            Gets or sets a comma-delimited set of query parameters to vary the cached result by.
            </summary>
        </member>
        <member name="P:Microsoft.AspNet.Mvc.TagHelpers.CacheTagHelper.VaryByRoute">
            <summary>
            Gets or sets a comma-delimited set of route data parameters to vary the cached result by.
            </summary>
        </member>
        <member name="P:Microsoft.AspNet.Mvc.TagHelpers.CacheTagHelper.VaryByCookie">
            <summary>
            Gets or sets a comma-delimited set of cookie names to vary the cached result by.
            </summary>
        </member>
        <member name="P:Microsoft.AspNet.Mvc.TagHelpers.CacheTagHelper.VaryByUser">
            <summary>
            Gets or sets a value that determines if the cached result is to be varied by the Identity for the logged in
            <see cref="P:Microsoft.AspNet.Http.HttpContext.User"/>.
            </summary>
        </member>
        <member name="P:Microsoft.AspNet.Mvc.TagHelpers.CacheTagHelper.ExpiresOn">
            <summary>
            Gets or sets the exact <see cref="T:System.DateTimeOffset"/> the cache entry should be evicted.
            </summary>
        </member>
        <member name="P:Microsoft.AspNet.Mvc.TagHelpers.CacheTagHelper.ExpiresAfter">
            <summary>
            Gets or sets the duration, from the time the cache entry was added, when it should be evicted.
            </summary>
        </member>
        <member name="P:Microsoft.AspNet.Mvc.TagHelpers.CacheTagHelper.ExpiresSliding">
            <summary>
            Gets or sets the duration from last access that the cache entry should be evicted.
            </summary>
        </member>
        <member name="P:Microsoft.AspNet.Mvc.TagHelpers.CacheTagHelper.Priority">
            <summary>
            Gets or sets the <see cref="T:Microsoft.Framework.Caching.Memory.CacheItemPriority"/> policy for the cache entry.
            </summary>
        </member>
        <member name="P:Microsoft.AspNet.Mvc.TagHelpers.CacheTagHelper.Enabled">
            <summary>
            Gets or sets the value which determines if the tag helper is enabled or not.
            </summary>
        </member>
        <member name="M:Microsoft.AspNet.Mvc.TagHelpers.CacheTagHelper.ProcessAsync(Microsoft.AspNet.Razor.Runtime.TagHelpers.TagHelperContext,Microsoft.AspNet.Razor.Runtime.TagHelpers.TagHelperOutput)">
            <inheritdoc />
        </member>
        <member name="T:Microsoft.AspNet.Mvc.TagHelpers.EnvironmentTagHelper">
            <summary>
            <see cref="T:Microsoft.AspNet.Razor.Runtime.TagHelpers.ITagHelper"/> implementation targeting &lt;environment&gt; elements that conditionally renders
            content based on the current value of <see cref="P:Microsoft.AspNet.Hosting.IHostingEnvironment.EnvironmentName"/>.
            </summary>
        </member>
        <member name="M:Microsoft.AspNet.Mvc.TagHelpers.EnvironmentTagHelper.#ctor(Microsoft.AspNet.Hosting.IHostingEnvironment)">
            <summary>
            Creates a new <see cref="T:Microsoft.AspNet.Mvc.TagHelpers.EnvironmentTagHelper"/>.
            </summary>
            <param name="hostingEnvironment">The <see cref="T:Microsoft.AspNet.Hosting.IHostingEnvironment"/>.</param>
        </member>
        <member name="P:Microsoft.AspNet.Mvc.TagHelpers.EnvironmentTagHelper.Names">
            <summary>
            A comma separated list of environment names in which the content should be rendered.
            </summary>
            <remarks>
            The specified environment names are compared case insensitively to the current value of
            <see cref="P:Microsoft.AspNet.Hosting.IHostingEnvironment.EnvironmentName"/>.
            </remarks>
        </member>
        <member name="M:Microsoft.AspNet.Mvc.TagHelpers.EnvironmentTagHelper.Process(Microsoft.AspNet.Razor.Runtime.TagHelpers.TagHelperContext,Microsoft.AspNet.Razor.Runtime.TagHelpers.TagHelperOutput)">
            <inheritdoc />
        </member>
        <member name="T:Microsoft.AspNet.Mvc.TagHelpers.FormTagHelper">
            <summary>
            <see cref="T:Microsoft.AspNet.Razor.Runtime.TagHelpers.ITagHelper"/> implementation targeting &lt;form&gt; elements.
            </summary>
        </member>
        <member name="M:Microsoft.AspNet.Mvc.TagHelpers.FormTagHelper.#ctor(Microsoft.AspNet.Mvc.Rendering.IHtmlGenerator)">
            <summary>
            Creates a new <see cref="T:Microsoft.AspNet.Mvc.TagHelpers.FormTagHelper"/>.
            </summary>
            <param name="generator">The <see cref="T:Microsoft.AspNet.Mvc.Rendering.IHtmlGenerator"/>.</param>
        </member>
        <member name="P:Microsoft.AspNet.Mvc.TagHelpers.FormTagHelper.Action">
            <summary>
            The name of the action method.
            </summary>
        </member>
        <member name="P:Microsoft.AspNet.Mvc.TagHelpers.FormTagHelper.Controller">
            <summary>
            The name of the controller.
            </summary>
        </member>
        <member name="P:Microsoft.AspNet.Mvc.TagHelpers.FormTagHelper.Antiforgery">
            <summary>
            Whether the antiforgery token should be generated.
            </summary>
            <value>Defaults to <c>false</c> if user provides an <c>action</c> attribute; <c>true</c> otherwise.</value>
        </member>
        <member name="P:Microsoft.AspNet.Mvc.TagHelpers.FormTagHelper.Route">
            <summary>
            Name of the route.
            </summary>
            <remarks>
            Must be <c>null</c> if <see cref="P:Microsoft.AspNet.Mvc.TagHelpers.FormTagHelper.Action"/> or <see cref="P:Microsoft.AspNet.Mvc.TagHelpers.FormTagHelper.Controller"/> is non-<c>null</c>.
            </remarks>
        </member>
        <member name="P:Microsoft.AspNet.Mvc.TagHelpers.FormTagHelper.RouteValues">
            <summary>
            Additional parameters for the route.
            </summary>
        </member>
        <member name="M:Microsoft.AspNet.Mvc.TagHelpers.FormTagHelper.Process(Microsoft.AspNet.Razor.Runtime.TagHelpers.TagHelperContext,Microsoft.AspNet.Razor.Runtime.TagHelpers.TagHelperOutput)">
            <inheritdoc />
            <remarks>
            Does nothing if user provides an <c>action</c> attribute and <see cref="P:Microsoft.AspNet.Mvc.TagHelpers.FormTagHelper.Antiforgery"/> is <c>null</c> or
            <c>false</c>.
            </remarks>
            <exception cref="T:System.InvalidOperationException">
            Thrown if <c>action</c> attribute is provided and <see cref="P:Microsoft.AspNet.Mvc.TagHelpers.FormTagHelper.Action"/> or <see cref="P:Microsoft.AspNet.Mvc.TagHelpers.FormTagHelper.Controller"/> are
            non-<c>null</c> or if the user provided <c>asp-route-*</c> attributes.
            </exception>
        </member>
        <member name="T:Microsoft.AspNet.Mvc.TagHelpers.ImageTagHelper">
            <summary>
            <see cref="T:Microsoft.AspNet.Razor.Runtime.TagHelpers.ITagHelper"/> implementation targeting &lt;img&gt; elements that supports file versioning.
            </summary>
            <remarks>
            The tag helper won't process for cases with just the 'src' attribute.
            </remarks>
        </member>
        <member name="M:Microsoft.AspNet.Mvc.TagHelpers.ImageTagHelper.#ctor(Microsoft.AspNet.Hosting.IHostingEnvironment,Microsoft.Framework.Caching.Memory.IMemoryCache,Microsoft.Framework.WebEncoders.IHtmlEncoder,Microsoft.AspNet.Mvc.IUrlHelper)">
            <summary>
            Creates a new <see cref="T:Microsoft.AspNet.Mvc.TagHelpers.ImageTagHelper"/>.
            </summary>
            <param name="hostingEnvironment">The <see cref="T:Microsoft.AspNet.Hosting.IHostingEnvironment"/>.</param>
            <param name="cache">The <see cref="T:Microsoft.Framework.Caching.Memory.IMemoryCache"/>.</param>
            <param name="urlHelper">The <see cref="T:Microsoft.AspNet.Mvc.IUrlHelper"/>.</param>
        </member>
        <member name="P:Microsoft.AspNet.Mvc.TagHelpers.ImageTagHelper.Src">
            <summary>
            Source of the image.
            </summary>
            <remarks>
            Passed through to the generated HTML in all cases.
            </remarks>
        </member>
        <member name="P:Microsoft.AspNet.Mvc.TagHelpers.ImageTagHelper.AppendVersion">
            <summary>
            Value indicating if file version should be appended to the src urls.
            </summary>
            <remarks>
            If <c>true</c> then a query string "v" with the encoded content of the file is added.
            </remarks>
        </member>
        <member name="M:Microsoft.AspNet.Mvc.TagHelpers.ImageTagHelper.Process(Microsoft.AspNet.Razor.Runtime.TagHelpers.TagHelperContext,Microsoft.AspNet.Razor.Runtime.TagHelpers.TagHelperOutput)">
            <inheritdoc />
        </member>
        <member name="T:Microsoft.AspNet.Mvc.TagHelpers.InputTagHelper">
            <summary>
            <see cref="T:Microsoft.AspNet.Razor.Runtime.TagHelpers.ITagHelper"/> implementation targeting &lt;input&gt; elements with an <c>asp-for</c> attribute.
            </summary>
        </member>
        <member name="M:Microsoft.AspNet.Mvc.TagHelpers.InputTagHelper.#ctor(Microsoft.AspNet.Mvc.Rendering.IHtmlGenerator)">
            <summary>
            Creates a new <see cref="T:Microsoft.AspNet.Mvc.TagHelpers.InputTagHelper"/>.
            </summary>
            <param name="generator">The <see cref="T:Microsoft.AspNet.Mvc.Rendering.IHtmlGenerator"/>.</param>
        </member>
        <member name="P:Microsoft.AspNet.Mvc.TagHelpers.InputTagHelper.For">
            <summary>
            An expression to be evaluated against the current model.
            </summary>
        </member>
        <member name="P:Microsoft.AspNet.Mvc.TagHelpers.InputTagHelper.Format">
            <summary>
            The composite format <see cref="T:System.String"/> (see http://msdn.microsoft.com/en-us/library/txafckwd.aspx) to
            apply when converting the <see cref="P:Microsoft.AspNet.Mvc.TagHelpers.InputTagHelper.For"/> result to a <see cref="T:System.String"/>. Sets the generated "value"
            attribute to that formatted <see cref="T:System.String"/>.
            </summary>
            <remarks>
            Used only the calculated "type" attribute is "text" (the most common value) e.g.
            <see cref="P:Microsoft.AspNet.Mvc.TagHelpers.InputTagHelper.InputTypeName"/> is "String". That is, <see cref="P:Microsoft.AspNet.Mvc.TagHelpers.InputTagHelper.Format"/> is used when calling
            <see cref="M:Microsoft.AspNet.Mvc.Rendering.IHtmlGenerator.GenerateTextBox(Microsoft.AspNet.Mvc.ViewContext,Microsoft.AspNet.Mvc.ModelBinding.ModelExplorer,System.String,System.Object,System.String,System.Object)"/>.
            </remarks>
        </member>
        <member name="P:Microsoft.AspNet.Mvc.TagHelpers.InputTagHelper.InputTypeName">
            <summary>
            The type of the &lt;input&gt; element.
            </summary>
            <remarks>
            Passed through to the generated HTML in all cases. Also used to determine the <see cref="T:Microsoft.AspNet.Mvc.Rendering.IHtmlGenerator"/>
            helper to call and the default <see cref="P:Microsoft.AspNet.Mvc.TagHelpers.InputTagHelper.Format"/> value (when calling
            <see cref="M:Microsoft.AspNet.Mvc.Rendering.IHtmlGenerator.GenerateTextBox(Microsoft.AspNet.Mvc.ViewContext,Microsoft.AspNet.Mvc.ModelBinding.ModelExplorer,System.String,System.Object,System.String,System.Object)"/>).
            </remarks>
        </member>
        <member name="P:Microsoft.AspNet.Mvc.TagHelpers.InputTagHelper.Value">
            <summary>
            The value of the &lt;input&gt; element.
            </summary>
            <remarks>
            Passed through to the generated HTML in all cases. Also used to determine the generated "checked" attribute
            if <see cref="P:Microsoft.AspNet.Mvc.TagHelpers.InputTagHelper.InputTypeName"/> is "radio". Must not be <c>null</c> in that case.
            </remarks>
        </member>
        <member name="M:Microsoft.AspNet.Mvc.TagHelpers.InputTagHelper.Process(Microsoft.AspNet.Razor.Runtime.TagHelpers.TagHelperContext,Microsoft.AspNet.Razor.Runtime.TagHelpers.TagHelperOutput)">
            <inheritdoc />
            <remarks>Does nothing if <see cref="P:Microsoft.AspNet.Mvc.TagHelpers.InputTagHelper.For"/> is <c>null</c>.</remarks>
            <exception cref="T:System.InvalidOperationException">
            Thrown if <see cref="P:Microsoft.AspNet.Mvc.TagHelpers.InputTagHelper.Format"/> is non-<c>null</c> but <see cref="P:Microsoft.AspNet.Mvc.TagHelpers.InputTagHelper.For"/> is <c>null</c>.
            </exception>
        </member>
        <member name="T:Microsoft.AspNet.Mvc.TagHelpers.LabelTagHelper">
            <summary>
            <see cref="T:Microsoft.AspNet.Razor.Runtime.TagHelpers.ITagHelper"/> implementation targeting &lt;label&gt; elements with an <c>asp-for</c> attribute.
            </summary>
        </member>
        <member name="M:Microsoft.AspNet.Mvc.TagHelpers.LabelTagHelper.#ctor(Microsoft.AspNet.Mvc.Rendering.IHtmlGenerator)">
            <summary>
            Creates a new <see cref="T:Microsoft.AspNet.Mvc.TagHelpers.LabelTagHelper"/>.
            </summary>
            <param name="generator">The <see cref="T:Microsoft.AspNet.Mvc.Rendering.IHtmlGenerator"/>.</param>
        </member>
        <member name="P:Microsoft.AspNet.Mvc.TagHelpers.LabelTagHelper.For">
            <summary>
            An expression to be evaluated against the current model.
            </summary>
        </member>
        <member name="M:Microsoft.AspNet.Mvc.TagHelpers.LabelTagHelper.ProcessAsync(Microsoft.AspNet.Razor.Runtime.TagHelpers.TagHelperContext,Microsoft.AspNet.Razor.Runtime.TagHelpers.TagHelperOutput)">
            <inheritdoc />
            <remarks>Does nothing if <see cref="P:Microsoft.AspNet.Mvc.TagHelpers.LabelTagHelper.For"/> is <c>null</c>.</remarks>
        </member>
        <member name="T:Microsoft.AspNet.Mvc.TagHelpers.LinkTagHelper">
            <summary>
            <see cref="T:Microsoft.AspNet.Razor.Runtime.TagHelpers.ITagHelper"/> implementation targeting &lt;link&gt; elements that supports fallback href paths.
            </summary>
            <remarks>
            The tag helper won't process for cases with just the 'href' attribute.
            </remarks>
        </member>
        <member name="M:Microsoft.AspNet.Mvc.TagHelpers.LinkTagHelper.#ctor(Microsoft.Framework.Logging.ILogger{Microsoft.AspNet.Mvc.TagHelpers.LinkTagHelper},Microsoft.AspNet.Hosting.IHostingEnvironment,Microsoft.Framework.Caching.Memory.IMemoryCache,Microsoft.Framework.WebEncoders.IHtmlEncoder,Microsoft.Framework.WebEncoders.IJavaScriptStringEncoder,Microsoft.AspNet.Mvc.IUrlHelper)">
            <summary>
            Creates a new <see cref="T:Microsoft.AspNet.Mvc.TagHelpers.LinkTagHelper"/>.
            </summary>
            <param name="logger">The <see cref="T:Microsoft.Framework.Logging.ILogger`1"/>.</param>
            <param name="hostingEnvironment">The <see cref="T:Microsoft.AspNet.Hosting.IHostingEnvironment"/>.</param>
            <param name="cache">The <see cref="T:Microsoft.Framework.Caching.Memory.IMemoryCache"/>.</param>
            <param name="htmlEncoder">The <see cref="T:Microsoft.Framework.WebEncoders.IHtmlEncoder"/>.</param>
            <param name="javaScriptEncoder">The <see cref="T:Microsoft.Framework.WebEncoders.IJavaScriptStringEncoder"/>.</param>
            <param name="urlHelper">The <see cref="T:Microsoft.AspNet.Mvc.IUrlHelper"/>.</param>
        </member>
        <member name="P:Microsoft.AspNet.Mvc.TagHelpers.LinkTagHelper.Href">
            <summary>
            Address of the linked resource.
            </summary>
            <remarks>
            Passed through to the generated HTML in all cases.
            </remarks>
        </member>
        <member name="P:Microsoft.AspNet.Mvc.TagHelpers.LinkTagHelper.HrefInclude">
            <summary>
            A comma separated list of globbed file patterns of CSS stylesheets to load.
            The glob patterns are assessed relative to the application's 'webroot' setting.
            </summary>
        </member>
        <member name="P:Microsoft.AspNet.Mvc.TagHelpers.LinkTagHelper.HrefExclude">
            <summary>
            A comma separated list of globbed file patterns of CSS stylesheets to exclude from loading.
            The glob patterns are assessed relative to the application's 'webroot' setting.
            Must be used in conjunction with <see cref="P:Microsoft.AspNet.Mvc.TagHelpers.LinkTagHelper.HrefInclude"/>.
            </summary>
        </member>
        <member name="P:Microsoft.AspNet.Mvc.TagHelpers.LinkTagHelper.FallbackHref">
            <summary>
            The URL of a CSS stylesheet to fallback to in the case the primary one fails.
            </summary>
        </member>
        <member name="P:Microsoft.AspNet.Mvc.TagHelpers.LinkTagHelper.AppendVersion">
            <summary>
            Value indicating if file version should be appended to the href urls.
            </summary>
            <remarks>
            If <c>true</c> then a query string "v" with the encoded content of the file is added.
            </remarks>
        </member>
        <member name="P:Microsoft.AspNet.Mvc.TagHelpers.LinkTagHelper.FallbackHrefInclude">
            <summary>
            A comma separated list of globbed file patterns of CSS stylesheets to fallback to in the case the primary
            one fails.
            The glob patterns are assessed relative to the application's 'webroot' setting.
            </summary>
        </member>
        <member name="P:Microsoft.AspNet.Mvc.TagHelpers.LinkTagHelper.FallbackHrefExclude">
            <summary>
            A comma separated list of globbed file patterns of CSS stylesheets to exclude from the fallback list, in
            the case the primary one fails.
            The glob patterns are assessed relative to the application's 'webroot' setting.
            Must be used in conjunction with <see cref="P:Microsoft.AspNet.Mvc.TagHelpers.LinkTagHelper.FallbackHrefInclude"/>.
            </summary>
        </member>
        <member name="P:Microsoft.AspNet.Mvc.TagHelpers.LinkTagHelper.FallbackTestClass">
            <summary>
            The class name defined in the stylesheet to use for the fallback test.
            Must be used in conjunction with <see cref="P:Microsoft.AspNet.Mvc.TagHelpers.LinkTagHelper.FallbackTestProperty"/> and <see cref="P:Microsoft.AspNet.Mvc.TagHelpers.LinkTagHelper.FallbackTestValue"/>,
            and either <see cref="P:Microsoft.AspNet.Mvc.TagHelpers.LinkTagHelper.FallbackHref"/> or <see cref="P:Microsoft.AspNet.Mvc.TagHelpers.LinkTagHelper.FallbackHrefInclude"/>.
            </summary>
        </member>
        <member name="P:Microsoft.AspNet.Mvc.TagHelpers.LinkTagHelper.FallbackTestProperty">
            <summary>
            The CSS property name to use for the fallback test.
            Must be used in conjunction with <see cref="P:Microsoft.AspNet.Mvc.TagHelpers.LinkTagHelper.FallbackTestClass"/> and <see cref="P:Microsoft.AspNet.Mvc.TagHelpers.LinkTagHelper.FallbackTestValue"/>,
            and either <see cref="P:Microsoft.AspNet.Mvc.TagHelpers.LinkTagHelper.FallbackHref"/> or <see cref="P:Microsoft.AspNet.Mvc.TagHelpers.LinkTagHelper.FallbackHrefInclude"/>.
            </summary>
        </member>
        <member name="P:Microsoft.AspNet.Mvc.TagHelpers.LinkTagHelper.FallbackTestValue">
            <summary>
            The CSS property value to use for the fallback test.
            Must be used in conjunction with <see cref="P:Microsoft.AspNet.Mvc.TagHelpers.LinkTagHelper.FallbackTestClass"/> and <see cref="P:Microsoft.AspNet.Mvc.TagHelpers.LinkTagHelper.FallbackTestProperty"/>,
            and either <see cref="P:Microsoft.AspNet.Mvc.TagHelpers.LinkTagHelper.FallbackHref"/> or <see cref="P:Microsoft.AspNet.Mvc.TagHelpers.LinkTagHelper.FallbackHrefInclude"/>.
            </summary>
        </member>
        <member name="M:Microsoft.AspNet.Mvc.TagHelpers.LinkTagHelper.Process(Microsoft.AspNet.Razor.Runtime.TagHelpers.TagHelperContext,Microsoft.AspNet.Razor.Runtime.TagHelpers.TagHelperOutput)">
            <inheritdoc />
        </member>
        <member name="F:Microsoft.AspNet.Mvc.TagHelpers.LinkTagHelper.Mode.AppendVersion">
            <summary>
            Just adding a file version for the generated urls.
            </summary>
        </member>
        <member name="F:Microsoft.AspNet.Mvc.TagHelpers.LinkTagHelper.Mode.GlobbedHref">
            <summary>
            Just performing file globbing search for the href, rendering a separate &lt;link&gt; for each match.
            </summary>
        </member>
        <member name="F:Microsoft.AspNet.Mvc.TagHelpers.LinkTagHelper.Mode.Fallback">
            <summary>
            Rendering a fallback block if primary stylesheet fails to load. Will also do globbing for both the
            primary and fallback hrefs if the appropriate properties are set.
            </summary>
        </member>
        <member name="T:Microsoft.AspNet.Mvc.TagHelpers.OptionTagHelper">
            <summary>
            <see cref="T:Microsoft.AspNet.Razor.Runtime.TagHelpers.ITagHelper"/> implementation targeting &lt;option&gt; elements.
            </summary>
            <remarks>
            This <see cref="T:Microsoft.AspNet.Razor.Runtime.TagHelpers.ITagHelper"/> works in conjunction with <see cref="T:Microsoft.AspNet.Mvc.TagHelpers.SelectTagHelper"/>. It reads elements 
            content but does not modify that content. The only modification it makes is to add a <c>selected</c> attribute 
            in some cases.
            </remarks>
        </member>
        <member name="M:Microsoft.AspNet.Mvc.TagHelpers.OptionTagHelper.#ctor(Microsoft.AspNet.Mvc.Rendering.IHtmlGenerator)">
            <summary>
            Creates a new <see cref="T:Microsoft.AspNet.Mvc.TagHelpers.OptionTagHelper"/>.
            </summary>
            <param name="generator">The <see cref="T:Microsoft.AspNet.Mvc.Rendering.IHtmlGenerator"/>.</param>
        </member>
        <member name="P:Microsoft.AspNet.Mvc.TagHelpers.OptionTagHelper.Value">
            <summary>
            Specifies a value for the &lt;option&gt; element.
            </summary>
            <remarks>
            Passed through to the generated HTML in all cases.
            </remarks>
        </member>
        <member name="M:Microsoft.AspNet.Mvc.TagHelpers.OptionTagHelper.ProcessAsync(Microsoft.AspNet.Razor.Runtime.TagHelpers.TagHelperContext,Microsoft.AspNet.Razor.Runtime.TagHelpers.TagHelperOutput)">
            <inheritdoc />
            <remarks>
            Does nothing unless <see cref="P:Microsoft.AspNet.Mvc.FormContext.FormData"/> contains a
            <see cref="F:Microsoft.AspNet.Mvc.TagHelpers.SelectTagHelper.SelectedValuesFormDataKey"/> entry and that entry is a non-empty
            <see cref="T:System.Collections.Generic.ICollection`1"/> instance. Also does nothing if the associated &lt;option&gt; is already
            selected.
            </remarks>
        </member>
        <member name="T:Microsoft.AspNet.Mvc.TagHelpers.ScriptTagHelper">
            <summary>
            <see cref="T:Microsoft.AspNet.Razor.Runtime.TagHelpers.ITagHelper"/> implementation targeting &lt;script&gt; elements that supports fallback src paths.
            </summary>
            <remarks>
            The tag helper won't process for cases with just the 'src' attribute.
            </remarks>
        </member>
        <member name="M:Microsoft.AspNet.Mvc.TagHelpers.ScriptTagHelper.#ctor(Microsoft.Framework.Logging.ILogger{Microsoft.AspNet.Mvc.TagHelpers.ScriptTagHelper},Microsoft.AspNet.Hosting.IHostingEnvironment,Microsoft.Framework.Caching.Memory.IMemoryCache,Microsoft.Framework.WebEncoders.IHtmlEncoder,Microsoft.Framework.WebEncoders.IJavaScriptStringEncoder,Microsoft.AspNet.Mvc.IUrlHelper)">
            <summary>
            Creates a new <see cref="T:Microsoft.AspNet.Mvc.TagHelpers.ScriptTagHelper"/>.
            </summary>
            <param name="logger">The <see cref="T:Microsoft.Framework.Logging.ILogger`1"/>.</param>
            <param name="hostingEnvironment">The <see cref="T:Microsoft.AspNet.Hosting.IHostingEnvironment"/>.</param>
            <param name="cache">The <see cref="T:Microsoft.Framework.Caching.Memory.IMemoryCache"/>.</param>
            <param name="htmlEncoder">The <see cref="T:Microsoft.Framework.WebEncoders.IHtmlEncoder"/>.</param>
            <param name="javaScriptEncoder">The <see cref="T:Microsoft.Framework.WebEncoders.IJavaScriptStringEncoder"/>.</param>
            <param name="urlHelper">The <see cref="T:Microsoft.AspNet.Mvc.IUrlHelper"/>.</param>
        </member>
        <member name="P:Microsoft.AspNet.Mvc.TagHelpers.ScriptTagHelper.Src">
            <summary>
            Address of the external script to use.
            </summary>
            <remarks>
            Passed through to the generated HTML in all cases.
            </remarks>
        </member>
        <member name="P:Microsoft.AspNet.Mvc.TagHelpers.ScriptTagHelper.SrcInclude">
            <summary>
            A comma separated list of globbed file patterns of JavaScript scripts to load.
            The glob patterns are assessed relative to the application's 'webroot' setting.
            </summary>
        </member>
        <member name="P:Microsoft.AspNet.Mvc.TagHelpers.ScriptTagHelper.SrcExclude">
            <summary>
            A comma separated list of globbed file patterns of JavaScript scripts to exclude from loading.
            The glob patterns are assessed relative to the application's 'webroot' setting.
            Must be used in conjunction with <see cref="P:Microsoft.AspNet.Mvc.TagHelpers.ScriptTagHelper.SrcInclude"/>.
            </summary>
        </member>
        <member name="P:Microsoft.AspNet.Mvc.TagHelpers.ScriptTagHelper.FallbackSrc">
            <summary>
            The URL of a Script tag to fallback to in the case the primary one fails.
            </summary>
        </member>
        <member name="P:Microsoft.AspNet.Mvc.TagHelpers.ScriptTagHelper.AppendVersion">
            <summary>
            Value indicating if file version should be appended to src urls.
            </summary>
            <remarks>
            A query string "v" with the encoded content of the file is added.
            </remarks>
        </member>
        <member name="P:Microsoft.AspNet.Mvc.TagHelpers.ScriptTagHelper.FallbackSrcInclude">
            <summary>
            A comma separated list of globbed file patterns of JavaScript scripts to fallback to in the case the
            primary one fails.
            The glob patterns are assessed relative to the application's 'webroot' setting.
            </summary>
        </member>
        <member name="P:Microsoft.AspNet.Mvc.TagHelpers.ScriptTagHelper.FallbackSrcExclude">
            <summary>
            A comma separated list of globbed file patterns of JavaScript scripts to exclude from the fallback list, in
            the case the primary one fails.
            The glob patterns are assessed relative to the application's 'webroot' setting.
            Must be used in conjunction with <see cref="P:Microsoft.AspNet.Mvc.TagHelpers.ScriptTagHelper.FallbackSrcInclude"/>.
            </summary>
        </member>
        <member name="P:Microsoft.AspNet.Mvc.TagHelpers.ScriptTagHelper.FallbackTestExpression">
            <summary>
            The script method defined in the primary script to use for the fallback test.
            </summary>
        </member>
        <member name="M:Microsoft.AspNet.Mvc.TagHelpers.ScriptTagHelper.Process(Microsoft.AspNet.Razor.Runtime.TagHelpers.TagHelperContext,Microsoft.AspNet.Razor.Runtime.TagHelpers.TagHelperOutput)">
            <inheritdoc />
        </member>
        <member name="F:Microsoft.AspNet.Mvc.TagHelpers.ScriptTagHelper.Mode.AppendVersion">
            <summary>
            Just adding a file version for the generated urls.
            </summary>
        </member>
        <member name="F:Microsoft.AspNet.Mvc.TagHelpers.ScriptTagHelper.Mode.GlobbedSrc">
            <summary>
            Just performing file globbing search for the src, rendering a separate &lt;script&gt; for each match.
            </summary>
        </member>
        <member name="F:Microsoft.AspNet.Mvc.TagHelpers.ScriptTagHelper.Mode.Fallback">
            <summary>
            Rendering a fallback block if primary javascript fails to load. Will also do globbing for both the
            primary and fallback srcs if the appropriate properties are set.
            </summary>
        </member>
        <member name="T:Microsoft.AspNet.Mvc.TagHelpers.SelectTagHelper">
            <summary>
            <see cref="T:Microsoft.AspNet.Razor.Runtime.TagHelpers.ITagHelper"/> implementation targeting &lt;select&gt; elements with an <c>asp-for</c> attribute.
            </summary>
        </member>
        <member name="F:Microsoft.AspNet.Mvc.TagHelpers.SelectTagHelper.SelectedValuesFormDataKey">
            <summary>
            Key used for selected values in <see cref="P:Microsoft.AspNet.Mvc.FormContext.FormData"/>.
            </summary>
            <remarks>
            Value for this dictionary entry will either be <c>null</c> (indicating no <see cref="T:Microsoft.AspNet.Mvc.TagHelpers.SelectTagHelper"/> has
            executed within this &lt;form/&gt;) or an <see cref="T:System.Collections.Generic.ICollection`1"/> instance. Elements of the
            collection are based on current <see cref="P:Microsoft.AspNet.Mvc.ViewDataDictionary.Model"/>.
            </remarks>
        </member>
        <member name="M:Microsoft.AspNet.Mvc.TagHelpers.SelectTagHelper.#ctor(Microsoft.AspNet.Mvc.Rendering.IHtmlGenerator)">
            <summary>
            Creates a new <see cref="T:Microsoft.AspNet.Mvc.TagHelpers.SelectTagHelper"/>.
            </summary>
            <param name="generator">The <see cref="T:Microsoft.AspNet.Mvc.Rendering.IHtmlGenerator"/>.</param>
        </member>
        <member name="P:Microsoft.AspNet.Mvc.TagHelpers.SelectTagHelper.For">
            <summary>
            An expression to be evaluated against the current model.
            </summary>
        </member>
        <member name="P:Microsoft.AspNet.Mvc.TagHelpers.SelectTagHelper.Items">
            <summary>
            A collection of <see cref="T:Microsoft.AspNet.Mvc.Rendering.SelectListItem"/> objects used to populate the &lt;select&gt; element with
            &lt;optgroup&gt; and &lt;option&gt; elements.
            </summary>
        </member>
        <member name="M:Microsoft.AspNet.Mvc.TagHelpers.SelectTagHelper.Process(Microsoft.AspNet.Razor.Runtime.TagHelpers.TagHelperContext,Microsoft.AspNet.Razor.Runtime.TagHelpers.TagHelperOutput)">
            <inheritdoc />
            <remarks>Does nothing if <see cref="P:Microsoft.AspNet.Mvc.TagHelpers.SelectTagHelper.For"/> is <c>null</c>.</remarks>
            <exception cref="T:System.InvalidOperationException">
            Thrown if <see cref="P:Microsoft.AspNet.Mvc.TagHelpers.SelectTagHelper.Items"/> is non-<c>null</c> but <see cref="P:Microsoft.AspNet.Mvc.TagHelpers.SelectTagHelper.For"/> is <c>null</c>.
            </exception>
        </member>
        <member name="T:Microsoft.AspNet.Mvc.TagHelpers.TagHelperContentExtensions">
            <summary>
            Extension methods for <see cref="T:Microsoft.AspNet.Razor.Runtime.TagHelpers.TagHelperContent"/>.
            </summary>
        </member>
        <member name="M:Microsoft.AspNet.Mvc.TagHelpers.TagHelperContentExtensions.Append(Microsoft.AspNet.Razor.Runtime.TagHelpers.TagHelperContent,Microsoft.Framework.WebEncoders.IHtmlEncoder,System.Text.Encoding,System.Object)">
            <summary>
            Writes the specified <paramref name="value"/> with HTML encoding to given <paramref name="content"/>.
            </summary>
            <param name="content">The <see cref="T:Microsoft.AspNet.Razor.Runtime.TagHelpers.TagHelperContent"/> to write to.</param>
            <param name="encoder">The <see cref="T:Microsoft.Framework.WebEncoders.IHtmlEncoder"/> to use when encoding <paramref name="value"/>.</param>
            <param name="encoding">The character encoding in which the <paramref name="value"/> is written.</param>
            <param name="value">The <see cref="T:System.Object"/> to write.</param>
            <returns><paramref name="content"/> after the write operation has completed.</returns>
            <remarks>
            <paramref name="value"/>s of type <see cref="T:Microsoft.AspNet.Html.Abstractions.IHtmlContent"/> are written using 
            <see cref="M:Microsoft.AspNet.Html.Abstractions.IHtmlContent.WriteTo(System.IO.TextWriter,Microsoft.Framework.WebEncoders.IHtmlEncoder)"/>.
            For all other types, the encoded result of <see cref="M:System.Object.ToString"/>
            is written to the <paramref name="content"/>.
            </remarks>
        </member>
        <member name="T:Microsoft.AspNet.Mvc.TagHelpers.TagHelperOutputExtensions">
            <summary>
            Utility related extensions for <see cref="T:Microsoft.AspNet.Razor.Runtime.TagHelpers.TagHelperOutput"/>.
            </summary>
        </member>
        <member name="M:Microsoft.AspNet.Mvc.TagHelpers.TagHelperOutputExtensions.CopyHtmlAttribute(Microsoft.AspNet.Razor.Runtime.TagHelpers.TagHelperOutput,System.String,Microsoft.AspNet.Razor.Runtime.TagHelpers.TagHelperContext)">
            <summary>
            Copies a user-provided attribute from <paramref name="context"/>'s
            <see cref="P:Microsoft.AspNet.Razor.Runtime.TagHelpers.TagHelperContext.AllAttributes"/> to <paramref name="tagHelperOutput"/>'s
            <see cref="P:Microsoft.AspNet.Razor.Runtime.TagHelpers.TagHelperOutput.Attributes"/>.
            </summary>
            <param name="tagHelperOutput">The <see cref="T:Microsoft.AspNet.Razor.Runtime.TagHelpers.TagHelperOutput"/> this method extends.</param>
            <param name="attributeName">The name of the bound attribute.</param>
            <param name="context">The <see cref="T:Microsoft.AspNet.Razor.Runtime.TagHelpers.TagHelperContext"/>.</param>
            <remarks>Only copies the attribute if <paramref name="tagHelperOutput"/>'s
            <see cref="P:Microsoft.AspNet.Razor.Runtime.TagHelpers.TagHelperOutput.Attributes"/> does not contain an attribute with the given
            <paramref name="attributeName"/>.</remarks>
        </member>
        <member name="M:Microsoft.AspNet.Mvc.TagHelpers.TagHelperOutputExtensions.MergeAttributes(Microsoft.AspNet.Razor.Runtime.TagHelpers.TagHelperOutput,Microsoft.AspNet.Mvc.Rendering.TagBuilder)">
            <summary>
            Merges the given <paramref name="tagBuilder"/>'s <see cref="P:Microsoft.AspNet.Mvc.Rendering.TagBuilder.Attributes"/> into the
            <paramref name="tagHelperOutput"/>.
            </summary>
            <param name="tagHelperOutput">The <see cref="T:Microsoft.AspNet.Razor.Runtime.TagHelpers.TagHelperOutput"/> this method extends.</param>
            <param name="tagBuilder">The <see cref="T:Microsoft.AspNet.Mvc.Rendering.TagBuilder"/> to merge attributes from.</param>
            <remarks>Existing <see cref="P:Microsoft.AspNet.Razor.Runtime.TagHelpers.TagHelperOutput.Attributes"/> on the given <paramref name="tagHelperOutput"/>
            are not overridden; "class" attributes are merged with spaces.</remarks>
        </member>
        <member name="M:Microsoft.AspNet.Mvc.TagHelpers.TagHelperOutputExtensions.RemoveRange(Microsoft.AspNet.Razor.Runtime.TagHelpers.TagHelperOutput,System.Collections.Generic.IEnumerable{Microsoft.AspNet.Razor.Runtime.TagHelpers.TagHelperAttribute})">
            <summary>
            Removes the given <paramref name="attributes"/> from <paramref name="tagHelperOutput"/>'s
            <see cref="P:Microsoft.AspNet.Razor.Runtime.TagHelpers.TagHelperOutput.Attributes"/>.
            </summary>
            <param name="tagHelperOutput">The <see cref="T:Microsoft.AspNet.Razor.Runtime.TagHelpers.TagHelperOutput"/> this method extends.</param>
            <param name="attributes">Attributes to remove.</param>
        </member>
        <member name="T:Microsoft.AspNet.Mvc.TagHelpers.TextAreaTagHelper">
            <summary>
            <see cref="T:Microsoft.AspNet.Razor.Runtime.TagHelpers.ITagHelper"/> implementation targeting &lt;textarea&gt; elements with an <c>asp-for</c> attribute.
            </summary>
        </member>
        <member name="M:Microsoft.AspNet.Mvc.TagHelpers.TextAreaTagHelper.#ctor(Microsoft.AspNet.Mvc.Rendering.IHtmlGenerator)">
            <summary>
            Creates a new <see cref="T:Microsoft.AspNet.Mvc.TagHelpers.TextAreaTagHelper"/>.
            </summary>
            <param name="generator">The <see cref="T:Microsoft.AspNet.Mvc.Rendering.IHtmlGenerator"/>.</param>
        </member>
        <member name="P:Microsoft.AspNet.Mvc.TagHelpers.TextAreaTagHelper.For">
            <summary>
            An expression to be evaluated against the current model.
            </summary>
        </member>
        <member name="M:Microsoft.AspNet.Mvc.TagHelpers.TextAreaTagHelper.Process(Microsoft.AspNet.Razor.Runtime.TagHelpers.TagHelperContext,Microsoft.AspNet.Razor.Runtime.TagHelpers.TagHelperOutput)">
            <inheritdoc />
            <remarks>Does nothing if <see cref="P:Microsoft.AspNet.Mvc.TagHelpers.TextAreaTagHelper.For"/> is <c>null</c>.</remarks>
        </member>
        <member name="T:Microsoft.AspNet.Mvc.TagHelpers.ValidationMessageTagHelper">
            <summary>
            <see cref="T:Microsoft.AspNet.Razor.Runtime.TagHelpers.ITagHelper"/> implementation targeting any HTML element with an <c>asp-validation-for</c>
            attribute.
            </summary>
        </member>
        <member name="M:Microsoft.AspNet.Mvc.TagHelpers.ValidationMessageTagHelper.#ctor(Microsoft.AspNet.Mvc.Rendering.IHtmlGenerator)">
            <summary>
            Creates a new <see cref="T:Microsoft.AspNet.Mvc.TagHelpers.ValidationMessageTagHelper"/>.
            </summary>
            <param name="generator">The <see cref="T:Microsoft.AspNet.Mvc.Rendering.IHtmlGenerator"/>.</param>
        </member>
        <member name="P:Microsoft.AspNet.Mvc.TagHelpers.ValidationMessageTagHelper.For">
            <summary>
            Name to be validated on the current model.
            </summary>
        </member>
        <member name="M:Microsoft.AspNet.Mvc.TagHelpers.ValidationMessageTagHelper.ProcessAsync(Microsoft.AspNet.Razor.Runtime.TagHelpers.TagHelperContext,Microsoft.AspNet.Razor.Runtime.TagHelpers.TagHelperOutput)">
            <inheritdoc />
            <remarks>Does nothing if <see cref="P:Microsoft.AspNet.Mvc.TagHelpers.ValidationMessageTagHelper.For"/> is <c>null</c>.</remarks>
        </member>
        <member name="T:Microsoft.AspNet.Mvc.TagHelpers.ValidationSummaryTagHelper">
            <summary>
            <see cref="T:Microsoft.AspNet.Razor.Runtime.TagHelpers.ITagHelper"/> implementation targeting any HTML element with an <c>asp-validation-summary</c>
            attribute.
            </summary>
        </member>
        <member name="M:Microsoft.AspNet.Mvc.TagHelpers.ValidationSummaryTagHelper.#ctor(Microsoft.AspNet.Mvc.Rendering.IHtmlGenerator)">
            <summary>
            Creates a new <see cref="T:Microsoft.AspNet.Mvc.TagHelpers.ValidationSummaryTagHelper"/>.
            </summary>
            <param name="generator">The <see cref="T:Microsoft.AspNet.Mvc.Rendering.IHtmlGenerator"/>.</param>
        </member>
        <member name="P:Microsoft.AspNet.Mvc.TagHelpers.ValidationSummaryTagHelper.ValidationSummary">
            <summary>
            If <see cref="F:Microsoft.AspNet.Mvc.ValidationSummary.All"/> or <see cref="F:Microsoft.AspNet.Mvc.ValidationSummary.ModelOnly"/>, appends a validation
            summary. Otherwise (<see cref="F:Microsoft.AspNet.Mvc.ValidationSummary.None"/>, the default), this tag helper does nothing.
            </summary>
            <exception cref="T:System.ArgumentException">
            Thrown if setter is called with an undefined <see cref="P:Microsoft.AspNet.Mvc.TagHelpers.ValidationSummaryTagHelper.ValidationSummary"/> value e.g.
            <c>(ValidationSummary)23</c>.
            </exception>
        </member>
        <member name="M:Microsoft.AspNet.Mvc.TagHelpers.ValidationSummaryTagHelper.Process(Microsoft.AspNet.Razor.Runtime.TagHelpers.TagHelperContext,Microsoft.AspNet.Razor.Runtime.TagHelpers.TagHelperOutput)">
            <inheritdoc />
            <remarks>Does nothing if <see cref="P:Microsoft.AspNet.Mvc.TagHelpers.ValidationSummaryTagHelper.ValidationSummary"/> is <see cref="F:Microsoft.AspNet.Mvc.ValidationSummary.None"/>.</remarks>
        </member>
        <member name="T:Microsoft.AspNet.Mvc.TagHelpers.Internal.AttributeMatcher">
            <summary>
            Methods for determining how an <see cref="T:Microsoft.AspNet.Razor.Runtime.TagHelpers.ITagHelper"/> should run based on the attributes that were specified.
            </summary>
        </member>
        <member name="M:Microsoft.AspNet.Mvc.TagHelpers.Internal.AttributeMatcher.DetermineMode``1(Microsoft.AspNet.Razor.Runtime.TagHelpers.TagHelperContext,System.Collections.Generic.IEnumerable{Microsoft.AspNet.Mvc.TagHelpers.Internal.ModeAttributes{``0}})">
            <summary>
            Determines the modes a <see cref="T:Microsoft.AspNet.Razor.Runtime.TagHelpers.ITagHelper" /> can run in based on which modes have all their required
            attributes present, non null, non empty, and non whitepsace.
            </summary>
            <typeparam name="TMode">The type representing the <see cref="T:Microsoft.AspNet.Razor.Runtime.TagHelpers.ITagHelper" />'s modes.</typeparam>
            <param name="context">The <see cref="T:Microsoft.AspNet.Razor.Runtime.TagHelpers.TagHelperContext"/>.</param>
            <param name="modeInfos">The modes and their required attributes.</param>
            <returns>The <see cref="T:Microsoft.AspNet.Mvc.TagHelpers.Internal.ModeMatchResult`1"/>.</returns>
        </member>
        <member name="T:Microsoft.AspNet.Mvc.TagHelpers.Internal.FileVersionProvider">
            <summary>
            Provides version hash for a specified file.
            </summary>
        </member>
        <member name="M:Microsoft.AspNet.Mvc.TagHelpers.Internal.FileVersionProvider.#ctor(Microsoft.AspNet.FileProviders.IFileProvider,Microsoft.Framework.Caching.Memory.IMemoryCache,Microsoft.AspNet.Http.PathString)">
            <summary>
            Creates a new instance of <see cref="T:Microsoft.AspNet.Mvc.TagHelpers.Internal.FileVersionProvider"/>.
            </summary>
            <param name="fileProvider">The file provider to get and watch files.</param>
            <param name="applicationName">Name of the application.</param>
            <param name="cache"><see cref="T:Microsoft.Framework.Caching.Memory.IMemoryCache"/> where versioned urls of files are cached.</param>
        </member>
        <member name="M:Microsoft.AspNet.Mvc.TagHelpers.Internal.FileVersionProvider.AddFileVersionToPath(System.String)">
            <summary>
            Adds version query parameter to the specified file path.
            </summary>
            <param name="path">The path of the file to which version should be added.</param>
            <returns>Path containing the version query string.</returns>
            <remarks>
            The version query string is appended as with the key "v".
            </remarks>
        </member>
        <member name="T:Microsoft.AspNet.Mvc.TagHelpers.Internal.GlobbingUrlBuilder">
            <summary>
            Utility methods for <see cref="T:Microsoft.AspNet.Razor.Runtime.TagHelpers.ITagHelper"/>'s that support attributes containing file globbing patterns.
            </summary>
        </member>
        <member name="M:Microsoft.AspNet.Mvc.TagHelpers.Internal.GlobbingUrlBuilder.#ctor(Microsoft.AspNet.FileProviders.IFileProvider,Microsoft.Framework.Caching.Memory.IMemoryCache,Microsoft.AspNet.Http.PathString)">
            <summary>
            Creates a new <see cref="T:Microsoft.AspNet.Mvc.TagHelpers.Internal.GlobbingUrlBuilder"/>.
            </summary>
            <param name="fileProvider">The file provider.</param>
            <param name="cache">The cache.</param>
            <param name="requestPathBase">The request path base.</param>
        </member>
        <member name="P:Microsoft.AspNet.Mvc.TagHelpers.Internal.GlobbingUrlBuilder.Cache">
            <summary>
            The <see cref="T:Microsoft.Framework.Caching.Memory.IMemoryCache"/> to cache globbing results in.
            </summary>
        </member>
        <member name="P:Microsoft.AspNet.Mvc.TagHelpers.Internal.GlobbingUrlBuilder.FileProvider">
            <summary>
            The <see cref="T:Microsoft.AspNet.FileProviders.IFileProvider"/> used to watch for changes to file globbing results.
            </summary>
        </member>
        <member name="P:Microsoft.AspNet.Mvc.TagHelpers.Internal.GlobbingUrlBuilder.RequestPathBase">
            <summary>
            The base path of the current request (i.e. <see cref="P:Microsoft.AspNet.Http.HttpRequest.PathBase"/>).
            </summary>
        </member>
        <member name="M:Microsoft.AspNet.Mvc.TagHelpers.Internal.GlobbingUrlBuilder.BuildUrlList(System.String,System.String,System.String)">
            <summary>
            Builds a list of URLs.
            </summary>
            <param name="staticUrl">The statically declared URL. This will always be added to the result.</param>
            <param name="includePattern">The file globbing include pattern.</param>
            <param name="excludePattern">The file globbing exclude pattern.</param>
            <returns>The list of URLs</returns>
        </member>
        <member name="T:Microsoft.AspNet.Mvc.TagHelpers.Internal.JavaScriptResources">
            <summary>
            Methods for loading JavaScript from assembly embedded resources.
            </summary>
        </member>
        <member name="M:Microsoft.AspNet.Mvc.TagHelpers.Internal.JavaScriptResources.GetEmbeddedJavaScript(System.String)">
            <summary>
            Gets an embedded JavaScript file resource and decodes it for use as a .NET format string.
            </summary>
        </member>
        <member name="T:Microsoft.AspNet.Mvc.TagHelpers.Internal.JavaScriptStringArrayEncoder">
            <summary>
            Methods for encoding <see cref="T:System.Collections.Generic.IEnumerable`1"/> for use as a JavaScript array literal.
            </summary>
        </member>
        <member name="M:Microsoft.AspNet.Mvc.TagHelpers.Internal.JavaScriptStringArrayEncoder.Encode(Microsoft.Framework.WebEncoders.IJavaScriptStringEncoder,System.Collections.Generic.IEnumerable{System.String})">
            <summary>
            Encodes a .NET string array for safe use as a JavaScript array literal, including inline in an HTML file.
            </summary>
        </member>
        <member name="T:Microsoft.AspNet.Mvc.TagHelpers.Internal.ModeAttributes">
            <summary>
            Static creation methods for <see cref="T:Microsoft.AspNet.Mvc.TagHelpers.Internal.ModeAttributes`1"/>.
            </summary>
        </member>
        <member name="M:Microsoft.AspNet.Mvc.TagHelpers.Internal.ModeAttributes.Create``1(``0,System.Collections.Generic.IEnumerable{System.String})">
            <summary>
            Creates an <see cref="T:Microsoft.AspNet.Mvc.TagHelpers.Internal.ModeAttributes`1"/>/
            </summary>
        </member>
        <member name="T:Microsoft.AspNet.Mvc.TagHelpers.Internal.ModeAttributes`1">
            <summary>
            A mapping of a <see cref="T:Microsoft.AspNet.Razor.Runtime.TagHelpers.ITagHelper"/> mode to its required attributes.
            </summary>
            <typeparam name="TMode">The type representing the <see cref="T:Microsoft.AspNet.Razor.Runtime.TagHelpers.ITagHelper"/>'s mode.</typeparam>
        </member>
        <member name="P:Microsoft.AspNet.Mvc.TagHelpers.Internal.ModeAttributes`1.Mode">
            <summary>
            The <see cref="T:Microsoft.AspNet.Razor.Runtime.TagHelpers.ITagHelper"/>'s mode.
            </summary>
        </member>
        <member name="P:Microsoft.AspNet.Mvc.TagHelpers.Internal.ModeAttributes`1.Attributes">
            <summary>
            The names of attributes required for this mode.
            </summary>
        </member>
        <member name="T:Microsoft.AspNet.Mvc.TagHelpers.Internal.ModeMatchAttributes">
            <summary>
            Static creation methods for <see cref="T:Microsoft.AspNet.Mvc.TagHelpers.Internal.ModeMatchAttributes`1"/>.
            </summary>
        </member>
        <member name="M:Microsoft.AspNet.Mvc.TagHelpers.Internal.ModeMatchAttributes.Create``1(``0,System.Collections.Generic.IEnumerable{System.String})">
            <summary>
            Creates an <see cref="T:Microsoft.AspNet.Mvc.TagHelpers.Internal.ModeMatchAttributes`1"/>.
            </summary>
        </member>
        <member name="M:Microsoft.AspNet.Mvc.TagHelpers.Internal.ModeMatchAttributes.Create``1(``0,System.Collections.Generic.IEnumerable{System.String},System.Collections.Generic.IEnumerable{System.String})">
            <summary>
            Creates an <see cref="T:Microsoft.AspNet.Mvc.TagHelpers.Internal.ModeMatchAttributes`1"/>.
            </summary>
        </member>
        <member name="T:Microsoft.AspNet.Mvc.TagHelpers.Internal.ModeMatchAttributes`1">
            <summary>
            A mapping of a <see cref="T:Microsoft.AspNet.Razor.Runtime.TagHelpers.ITagHelper"/> mode to its missing and present attributes.
            </summary>
            <typeparam name="TMode">The type representing the <see cref="T:Microsoft.AspNet.Razor.Runtime.TagHelpers.ITagHelper"/>'s mode.</typeparam>
        </member>
        <member name="P:Microsoft.AspNet.Mvc.TagHelpers.Internal.ModeMatchAttributes`1.Mode">
            <summary>
            The <see cref="T:Microsoft.AspNet.Razor.Runtime.TagHelpers.ITagHelper"/>'s mode.
            </summary>
        </member>
        <member name="P:Microsoft.AspNet.Mvc.TagHelpers.Internal.ModeMatchAttributes`1.PresentAttributes">
            <summary>
            The names of attributes that were present in this match.
            </summary>
        </member>
        <member name="P:Microsoft.AspNet.Mvc.TagHelpers.Internal.ModeMatchAttributes`1.MissingAttributes">
            <summary>
            The names of attributes that were missing in this match.
            </summary>
        </member>
        <member name="T:Microsoft.AspNet.Mvc.TagHelpers.Internal.ModeMatchResult`1">
            <summary>
            Result of determining the mode an <see cref="T:Microsoft.AspNet.Razor.Runtime.TagHelpers.ITagHelper"/> will run in.
            </summary>
            <typeparam name="TMode">The type representing the <see cref="T:Microsoft.AspNet.Razor.Runtime.TagHelpers.ITagHelper"/>'s mode.</typeparam>
        </member>
        <member name="P:Microsoft.AspNet.Mvc.TagHelpers.Internal.ModeMatchResult`1.PartialMatches">
            <summary>
            Modes that were missing attributes but had at least one attribute present.
            </summary>
        </member>
        <member name="P:Microsoft.AspNet.Mvc.TagHelpers.Internal.ModeMatchResult`1.FullMatches">
            <summary>
            Modes that had all attributes present.
            </summary>
        </member>
        <member name="P:Microsoft.AspNet.Mvc.TagHelpers.Internal.ModeMatchResult`1.PartiallyMatchedAttributes">
            <summary>
            Attributes that are present in at least one mode in <see cref="P:Microsoft.AspNet.Mvc.TagHelpers.Internal.ModeMatchResult`1.PartialMatches"/>, but in no modes in
            <see cref="P:Microsoft.AspNet.Mvc.TagHelpers.Internal.ModeMatchResult`1.FullMatches"/>.
            </summary>
        </member>
        <member name="M:Microsoft.AspNet.Mvc.TagHelpers.Internal.ModeMatchResult`1.LogDetails``1(Microsoft.Framework.Logging.ILogger,``0,System.String,System.String)">
            <summary>
            Logs the details of the <see cref="T:Microsoft.AspNet.Mvc.TagHelpers.Internal.ModeMatchResult`1"/>.
            </summary>
            <param name="logger">The <see cref="T:Microsoft.Framework.Logging.ILogger"/>.</param>
            <param name="tagHelper">The <see cref="T:Microsoft.AspNet.Razor.Runtime.TagHelpers.ITagHelper"/>.</param>
            <param name="uniqueId">The value of <see cref="P:Microsoft.AspNet.Razor.Runtime.TagHelpers.TagHelperContext.UniqueId"/>.</param>
            <param name="viewPath">The path to the view the <see cref="T:Microsoft.AspNet.Razor.Runtime.TagHelpers.ITagHelper"/> is on.</param>
        </member>
        <member name="T:Microsoft.AspNet.Mvc.TagHelpers.Internal.PartialModeMatchLogValues`1">
            <summary>
            Log values for <see cref="T:Microsoft.AspNet.Razor.Runtime.TagHelpers.ITagHelper"/> instances that opt out of
            processing due to missing attributes for one of several possible modes.
            </summary>
        </member>
        <member name="M:Microsoft.AspNet.Mvc.TagHelpers.Internal.PartialModeMatchLogValues`1.#ctor(System.String,System.String,System.Collections.Generic.IEnumerable{Microsoft.AspNet.Mvc.TagHelpers.Internal.ModeMatchAttributes{`0}})">
            <summary>
            Creates a new <see cref="T:Microsoft.AspNet.Mvc.TagHelpers.Internal.PartialModeMatchLogValues`1"/>.
            </summary>
            <param name="uniqueId">The unique ID of the HTML element this message applies to.</param>
            <param name="viewPath">The path to the view.</param>
            <param name="partialMatches">The set of modes with partial required attributes.</param>
        </member>
        <member name="P:Microsoft.AspNet.Mvc.TagHelpers.Resources.AnchorTagHelper_CannotDetermineHrefRouteActionOrControllerSpecified">
            <summary>
            Cannot determine an '{4}' attribute for {0}. An {0} with a specified '{1}' must not have an '{2}' or '{3}' attribute.
            </summary>
        </member>
        <member name="M:Microsoft.AspNet.Mvc.TagHelpers.Resources.FormatAnchorTagHelper_CannotDetermineHrefRouteActionOrControllerSpecified(System.Object,System.Object,System.Object,System.Object,System.Object)">
            <summary>
            Cannot determine an '{4}' attribute for {0}. An {0} with a specified '{1}' must not have an '{2}' or '{3}' attribute.
            </summary>
        </member>
        <member name="P:Microsoft.AspNet.Mvc.TagHelpers.Resources.AnchorTagHelper_CannotOverrideHref">
            <summary>
            Cannot override the '{8}' attribute for {0}. An {0} with a specified '{8}' must not have attributes starting with '{7}' or an '{1}', '{2}', '{3}', '{4}', '{5}', or '{6}' attribute.
            </summary>
        </member>
        <member name="M:Microsoft.AspNet.Mvc.TagHelpers.Resources.FormatAnchorTagHelper_CannotOverrideHref(System.Object,System.Object,System.Object,System.Object,System.Object,System.Object,System.Object,System.Object,System.Object)">
            <summary>
            Cannot override the '{8}' attribute for {0}. An {0} with a specified '{8}' must not have attributes starting with '{7}' or an '{1}', '{2}', '{3}', '{4}', '{5}', or '{6}' attribute.
            </summary>
        </member>
        <member name="P:Microsoft.AspNet.Mvc.TagHelpers.Resources.FormTagHelper_CannotOverrideAction">
            <summary>
            Cannot override the '{1}' attribute for {0}. A {0} with a specified '{1}' must not have attributes starting with '{5}' or an '{2}' or '{3}' or '{4}' attribute.
            </summary>
        </member>
        <member name="M:Microsoft.AspNet.Mvc.TagHelpers.Resources.FormatFormTagHelper_CannotOverrideAction(System.Object,System.Object,System.Object,System.Object,System.Object,System.Object)">
            <summary>
            Cannot override the '{1}' attribute for {0}. A {0} with a specified '{1}' must not have attributes starting with '{5}' or an '{2}' or '{3}' or '{4}' attribute.
            </summary>
        </member>
        <member name="P:Microsoft.AspNet.Mvc.TagHelpers.Resources.InputTagHelper_InvalidExpressionResult">
            <summary>
            Unexpected '{1}' expression result type '{2}' for {0}. '{1}' must be of type '{3}' if '{4}' is '{5}'.
            </summary>
        </member>
        <member name="M:Microsoft.AspNet.Mvc.TagHelpers.Resources.FormatInputTagHelper_InvalidExpressionResult(System.Object,System.Object,System.Object,System.Object,System.Object,System.Object)">
            <summary>
            Unexpected '{1}' expression result type '{2}' for {0}. '{1}' must be of type '{3}' if '{4}' is '{5}'.
            </summary>
        </member>
        <member name="P:Microsoft.AspNet.Mvc.TagHelpers.Resources.InputTagHelper_ValueRequired">
            <summary>
            '{1}' must not be null for {0} if '{2}' is '{3}'.
            </summary>
        </member>
        <member name="M:Microsoft.AspNet.Mvc.TagHelpers.Resources.FormatInputTagHelper_ValueRequired(System.Object,System.Object,System.Object,System.Object)">
            <summary>
            '{1}' must not be null for {0} if '{2}' is '{3}'.
            </summary>
        </member>
        <member name="P:Microsoft.AspNet.Mvc.TagHelpers.Resources.TagHelpers_NoProvidedMetadata">
            <summary>
            The {2} was unable to provide metadata about '{1}' expression value '{3}' for {0}.
            </summary>
        </member>
        <member name="M:Microsoft.AspNet.Mvc.TagHelpers.Resources.FormatTagHelpers_NoProvidedMetadata(System.Object,System.Object,System.Object,System.Object)">
            <summary>
            The {2} was unable to provide metadata about '{1}' expression value '{3}' for {0}.
            </summary>
        </member>
        <member name="P:Microsoft.AspNet.Mvc.TagHelpers.Resources.InvalidEnumArgument">
            <summary>
            The value of argument '{0}' ({1}) is invalid for Enum type '{2}'.
            </summary>
        </member>
        <member name="M:Microsoft.AspNet.Mvc.TagHelpers.Resources.FormatInvalidEnumArgument(System.Object,System.Object,System.Object)">
            <summary>
            The value of argument '{0}' ({1}) is invalid for Enum type '{2}'.
            </summary>
        </member>
        <member name="P:Microsoft.AspNet.Mvc.TagHelpers.Resources.TagHelperOutput_AttributeDoesNotExist">
            <summary>
            The attribute '{0}' does not exist in the {1}.
            </summary>
        </member>
        <member name="M:Microsoft.AspNet.Mvc.TagHelpers.Resources.FormatTagHelperOutput_AttributeDoesNotExist(System.Object,System.Object)">
            <summary>
            The attribute '{0}' does not exist in the {1}.
            </summary>
        </member>
        <member name="P:Microsoft.AspNet.Mvc.TagHelpers.Resources.FormTagHelper_CannotDetermineActionWithRouteAndActionOrControllerSpecified">
            <summary>
            Cannot determine an '{4}' attribute for {0}. A {0} with a specified '{1}' must not have an '{2}' or '{3}' attribute.
            </summary>
        </member>
        <member name="M:Microsoft.AspNet.Mvc.TagHelpers.Resources.FormatFormTagHelper_CannotDetermineActionWithRouteAndActionOrControllerSpecified(System.Object,System.Object,System.Object,System.Object,System.Object)">
            <summary>
            Cannot determine an '{4}' attribute for {0}. A {0} with a specified '{1}' must not have an '{2}' or '{3}' attribute.
            </summary>
        </member>
        <member name="T:Microsoft.AspNet.Mvc.ValidationSummary">
            <summary>
            Acceptable validation summary rendering modes.
            </summary>
        </member>
        <member name="F:Microsoft.AspNet.Mvc.ValidationSummary.None">
            <summary>
            No validation summary.
            </summary>
        </member>
        <member name="F:Microsoft.AspNet.Mvc.ValidationSummary.ModelOnly">
            <summary>
            Validation summary with model-level errors only (excludes all property errors).
            </summary>
        </member>
        <member name="F:Microsoft.AspNet.Mvc.ValidationSummary.All">
            <summary>
            Validation summary with all errors.
            </summary>
        </member>
        <member name="M:Microsoft.Framework.Internal.PropertyHelper.#ctor(System.Reflection.PropertyInfo)">
            <summary>
            Initializes a fast <see cref="T:Microsoft.Framework.Internal.PropertyHelper"/>.
            This constructor does not cache the helper. For caching, use <see cref="M:Microsoft.Framework.Internal.PropertyHelper.GetProperties(System.Object)"/>.
            </summary>
        </member>
        <member name="P:Microsoft.Framework.Internal.PropertyHelper.Property">
            <summary>
            Gets the backing <see cref="T:System.Reflection.PropertyInfo"/>.
            </summary>
        </member>
        <member name="P:Microsoft.Framework.Internal.PropertyHelper.Name">
            <summary>
            Gets (or sets in derived types) the property name.
            </summary>
        </member>
        <member name="P:Microsoft.Framework.Internal.PropertyHelper.ValueGetter">
            <summary>
            Gets the property value getter.
            </summary>
        </member>
        <member name="P:Microsoft.Framework.Internal.PropertyHelper.ValueSetter">
            <summary>
            Gets the property value setter.
            </summary>
        </member>
        <member name="M:Microsoft.Framework.Internal.PropertyHelper.GetValue(System.Object)">
            <summary>
            Returns the property value for the specified <paramref name="instance"/>.
            </summary>
            <param name="instance">The object whose property value will be returned.</param>
            <returns>The property value.</returns>
        </member>
        <member name="M:Microsoft.Framework.Internal.PropertyHelper.SetValue(System.Object,System.Object)">
            <summary>
            Sets the property value for the specified <paramref name="instance" />.
            </summary>
            <param name="instance">The object whose property value will be set.</param>
            <param name="value">The property value.</param>
        </member>
        <member name="M:Microsoft.Framework.Internal.PropertyHelper.GetProperties(System.Object)">
            <summary>
            Creates and caches fast property helpers that expose getters for every public get property on the
            underlying type.
            </summary>
            <param name="instance">the instance to extract property accessors for.</param>
            <returns>a cached array of all public property getters from the underlying type of target instance.
            </returns>
        </member>
        <member name="M:Microsoft.Framework.Internal.PropertyHelper.GetProperties(System.Type)">
            <summary>
            Creates and caches fast property helpers that expose getters for every public get property on the
            specified type.
            </summary>
            <param name="type">the type to extract property accessors for.</param>
            <returns>a cached array of all public property getters from the type of target instance.
            </returns>
        </member>
        <member name="M:Microsoft.Framework.Internal.PropertyHelper.GetVisibleProperties(System.Object)">
            <summary>
            <para>
            Creates and caches fast property helpers that expose getters for every non-hidden get property
            on the specified type.
            </para>
            <para>
            <see cref="M:Microsoft.Framework.Internal.PropertyHelper.GetVisibleProperties(System.Object)"/> excludes properties defined on base types that have been
            hidden by definitions using the <c>new</c> keyword.
            </para>
            </summary>
            <param name="instance">The instance to extract property accessors for.</param>
            <returns>
            A cached array of all public property getters from the instance's type.
            </returns>
        </member>
        <member name="M:Microsoft.Framework.Internal.PropertyHelper.GetVisibleProperties(System.Type)">
            <summary>
            <para>
            Creates a caches fast property helpers that expose getters for every non-hidden get property
            on the specified type.
            </para>
            <para>
            <see cref="M:Microsoft.Framework.Internal.PropertyHelper.GetVisibleProperties(System.Object)"/> excludes properties defined on base types that have been
            hidden by definitions using the <c>new</c> keyword.
            </para>
            </summary>
            <param name="type">The type to extract property accessors for.</param>
            <returns>
            A cached array of all public property getters from the type.
            </returns>
        </member>
        <member name="M:Microsoft.Framework.Internal.PropertyHelper.MakeFastPropertyGetter(System.Reflection.PropertyInfo)">
            <summary>
            Creates a single fast property getter. The result is not cached.
            </summary>
            <param name="propertyInfo">propertyInfo to extract the getter for.</param>
            <returns>a fast getter.</returns>
            <remarks>
            This method is more memory efficient than a dynamically compiled lambda, and about the
            same speed.
            </remarks>
        </member>
        <member name="M:Microsoft.Framework.Internal.PropertyHelper.MakeNullSafeFastPropertyGetter(System.Reflection.PropertyInfo)">
            <summary>
            Creates a single fast property getter which is safe for a null input object. The result is not cached.
            </summary>
            <param name="propertyInfo">propertyInfo to extract the getter for.</param>
            <returns>a fast getter.</returns>
            <remarks>
            This method is more memory efficient than a dynamically compiled lambda, and about the
            same speed.
            </remarks>
        </member>
        <member name="M:Microsoft.Framework.Internal.PropertyHelper.MakeFastPropertySetter(System.Reflection.PropertyInfo)">
            <summary>
            Creates a single fast property setter for reference types. The result is not cached.
            </summary>
            <param name="propertyInfo">propertyInfo to extract the setter for.</param>
            <returns>a fast getter.</returns>
            <remarks>
            This method is more memory efficient than a dynamically compiled lambda, and about the
            same speed. This only works for reference types.
            </remarks>
        </member>
        <member name="M:Microsoft.Framework.Internal.PropertyHelper.ObjectToDictionary(System.Object)">
             <summary>
             Given an object, adds each instance property with a public get method as a key and its
             associated value to a dictionary.
            
             If the object is already an <see cref="T:System.Collections.Generic.IDictionary`2"/> instance, then a copy
             is returned.
             </summary>
             <remarks>
             The implementation of PropertyHelper will cache the property accessors per-type. This is
             faster when the the same type is used multiple times with ObjectToDictionary.
             </remarks>
        </member>
    </members>
</doc>
