<?xml version="1.0"?>
<doc>
    <assembly>
        <name>Microsoft.AspNet.StaticFiles</name>
    </assembly>
    <members>
        <member name="T:Microsoft.AspNet.StaticFiles.DefaultFilesMiddleware">
            <summary>
            This examines a directory path and determines if there is a default file present.
            If so the file name is appended to the path and execution continues.
            Note we don't just serve the file because it may require interpretation.
            </summary>
        </member>
        <member name="M:Microsoft.AspNet.StaticFiles.DefaultFilesMiddleware.#ctor(Microsoft.AspNet.Builder.RequestDelegate,Microsoft.AspNet.Hosting.IHostingEnvironment,Microsoft.AspNet.StaticFiles.DefaultFilesOptions)">
            <summary>
            Creates a new instance of the DefaultFilesMiddleware.
            </summary>
            <param name="next">The next middleware in the pipeline.</param>
            <param name="options">The configuration options for this middleware.</param>
        </member>
        <member name="M:Microsoft.AspNet.StaticFiles.DefaultFilesMiddleware.Invoke(Microsoft.AspNet.Http.HttpContext)">
            <summary>
            This examines the request to see if it matches a configured directory, and if there are any files with the
            configured default names in that directory.  If so this will append the corresponding file name to the request
            path for a later middleware to handle.
            </summary>
            <param name="context"></param>
            <returns></returns>
        </member>
        <member name="T:Microsoft.AspNet.StaticFiles.DefaultFilesOptions">
            <summary>
            Options for selecting default file names.
            </summary>
        </member>
        <member name="M:Microsoft.AspNet.StaticFiles.DefaultFilesOptions.#ctor">
            <summary>
            Configuration for the DefaultFilesMiddleware.
            </summary>
        </member>
        <member name="M:Microsoft.AspNet.StaticFiles.DefaultFilesOptions.#ctor(Microsoft.AspNet.StaticFiles.Infrastructure.SharedOptions)">
            <summary>
            Configuration for the DefaultFilesMiddleware.
            </summary>
            <param name="sharedOptions"></param>
        </member>
        <member name="P:Microsoft.AspNet.StaticFiles.DefaultFilesOptions.DefaultFileNames">
            <summary>
            An ordered list of file names to select by default. List length and ordering may affect performance.
            </summary>
        </member>
        <member name="T:Microsoft.AspNet.StaticFiles.DirectoryBrowserMiddleware">
            <summary>
            Enables directory browsing
            </summary>
        </member>
        <member name="M:Microsoft.AspNet.StaticFiles.DirectoryBrowserMiddleware.#ctor(Microsoft.AspNet.Builder.RequestDelegate,Microsoft.AspNet.Hosting.IHostingEnvironment,Microsoft.AspNet.StaticFiles.DirectoryBrowserOptions)">
            <summary>
            Creates a new instance of the SendFileMiddleware.
            </summary>
            <param name="next">The next middleware in the pipeline.</param>
            <param name="options">The configuration for this middleware.</param>
        </member>
        <member name="M:Microsoft.AspNet.StaticFiles.DirectoryBrowserMiddleware.Invoke(Microsoft.AspNet.Http.HttpContext)">
            <summary>
            Examines the request to see if it matches a configured directory.  If so, a view of the directory contents is returned.
            </summary>
            <param name="context"></param>
            <returns></returns>
        </member>
        <member name="T:Microsoft.AspNet.StaticFiles.DirectoryBrowserOptions">
            <summary>
            Directory browsing options
            </summary>
        </member>
        <member name="M:Microsoft.AspNet.StaticFiles.DirectoryBrowserOptions.#ctor">
            <summary>
            Enabled directory browsing for all request paths
            </summary>
        </member>
        <member name="M:Microsoft.AspNet.StaticFiles.DirectoryBrowserOptions.#ctor(Microsoft.AspNet.StaticFiles.Infrastructure.SharedOptions)">
            <summary>
            Enabled directory browsing all request paths
            </summary>
            <param name="sharedOptions"></param>
        </member>
        <member name="P:Microsoft.AspNet.StaticFiles.DirectoryBrowserOptions.Formatter">
            <summary>
            The component that generates the view.
            </summary>
        </member>
        <member name="T:Microsoft.AspNet.StaticFiles.FileExtensionContentTypeProvider">
            <summary>
            Provides a mapping between file extensions and MIME types.
            </summary>
        </member>
        <member name="M:Microsoft.AspNet.StaticFiles.FileExtensionContentTypeProvider.#ctor">
            <summary>
            Creates a new provider with a set of default mappings.
            </summary>
        </member>
        <member name="M:Microsoft.AspNet.StaticFiles.FileExtensionContentTypeProvider.#ctor(System.Collections.Generic.IDictionary{System.String,System.String})">
            <summary>
            Creates a lookup engine using the provided mapping.
            It is recommended that the IDictionary instance use StringComparer.OrdinalIgnoreCase.
            </summary>
            <param name="mapping"></param>
        </member>
        <member name="P:Microsoft.AspNet.StaticFiles.FileExtensionContentTypeProvider.Mappings">
            <summary>
            The cross reference table of file extensions and content-types.
            </summary>
        </member>
        <member name="M:Microsoft.AspNet.StaticFiles.FileExtensionContentTypeProvider.TryGetContentType(System.String,System.String@)">
            <summary>
            Given a file path, determine the MIME type
            </summary>
            <param name="subpath">A file path</param>
            <param name="contentType">The resulting MIME type</param>
            <returns>True if MIME type could be determined</returns>
        </member>
        <member name="T:Microsoft.AspNet.StaticFiles.FileServerOptions">
            <summary>
            Options for all of the static file middleware components
            </summary>
        </member>
        <member name="M:Microsoft.AspNet.StaticFiles.FileServerOptions.#ctor">
            <summary>
            Creates a combined options class for all of the static file middleware components.
            </summary>
        </member>
        <member name="P:Microsoft.AspNet.StaticFiles.FileServerOptions.StaticFileOptions">
            <summary>
            Options for configuring the StaticFileMiddleware.
            </summary>
        </member>
        <member name="P:Microsoft.AspNet.StaticFiles.FileServerOptions.DirectoryBrowserOptions">
            <summary>
            Options for configuring the DirectoryBrowserMiddleware.
            </summary>
        </member>
        <member name="P:Microsoft.AspNet.StaticFiles.FileServerOptions.DefaultFilesOptions">
            <summary>
            Options for configuring the DefaultFilesMiddleware.
            </summary>
        </member>
        <member name="P:Microsoft.AspNet.StaticFiles.FileServerOptions.EnableDirectoryBrowsing">
            <summary>
            Directory browsing is disabled by default.
            </summary>
        </member>
        <member name="P:Microsoft.AspNet.StaticFiles.FileServerOptions.EnableDefaultFiles">
            <summary>
            Default files are enabled by default.
            </summary>
        </member>
        <member name="T:Microsoft.AspNet.StaticFiles.HtmlDirectoryFormatter">
            <summary>
            Generates an HTML view for a directory.
            </summary>
        </member>
        <member name="M:Microsoft.AspNet.StaticFiles.HtmlDirectoryFormatter.GenerateContentAsync(Microsoft.AspNet.Http.HttpContext,System.Collections.Generic.IEnumerable{Microsoft.AspNet.FileProviders.IFileInfo})">
            <summary>
            Generates an HTML view for a directory.
            </summary>
        </member>
        <member name="T:Microsoft.AspNet.StaticFiles.IContentTypeProvider">
            <summary>
            Used to look up MIME types given a file path
            </summary>
        </member>
        <member name="M:Microsoft.AspNet.StaticFiles.IContentTypeProvider.TryGetContentType(System.String,System.String@)">
            <summary>
            Given a file path, determine the MIME type
            </summary>
            <param name="subpath">A file path</param>
            <param name="contentType">The resulting MIME type</param>
            <returns>True if MIME type could be determined</returns>
        </member>
        <member name="T:Microsoft.AspNet.StaticFiles.IDirectoryFormatter">
            <summary>
            Generates the view for a directory
            </summary>
        </member>
        <member name="M:Microsoft.AspNet.StaticFiles.IDirectoryFormatter.GenerateContentAsync(Microsoft.AspNet.Http.HttpContext,System.Collections.Generic.IEnumerable{Microsoft.AspNet.FileProviders.IFileInfo})">
            <summary>
            Generates the view for a directory.
            Implementers should properly handle HEAD requests.
            Implementers should set all necessary response headers (e.g. Content-Type, Content-Length, etc.).
            </summary>
        </member>
        <member name="P:Microsoft.AspNet.StaticFiles.Resources.Args_NoContentTypeProvider">
            <summary>
            No IContentTypeProvider was specified.
            </summary>
        </member>
        <member name="M:Microsoft.AspNet.StaticFiles.Resources.FormatArgs_NoContentTypeProvider">
            <summary>
            No IContentTypeProvider was specified.
            </summary>
        </member>
        <member name="P:Microsoft.AspNet.StaticFiles.Resources.Args_NoFormatter">
            <summary>
            No formatter provided.
            </summary>
        </member>
        <member name="M:Microsoft.AspNet.StaticFiles.Resources.FormatArgs_NoFormatter">
            <summary>
            No formatter provided.
            </summary>
        </member>
        <member name="P:Microsoft.AspNet.StaticFiles.Resources.HtmlDir_IndexOf">
            <summary>
            Index of
            </summary>
        </member>
        <member name="M:Microsoft.AspNet.StaticFiles.Resources.FormatHtmlDir_IndexOf">
            <summary>
            Index of
            </summary>
        </member>
        <member name="P:Microsoft.AspNet.StaticFiles.Resources.HtmlDir_LastModified">
            <summary>
            Last Modified
            </summary>
        </member>
        <member name="M:Microsoft.AspNet.StaticFiles.Resources.FormatHtmlDir_LastModified">
            <summary>
            Last Modified
            </summary>
        </member>
        <member name="P:Microsoft.AspNet.StaticFiles.Resources.HtmlDir_Modified">
            <summary>
            Modified
            </summary>
        </member>
        <member name="M:Microsoft.AspNet.StaticFiles.Resources.FormatHtmlDir_Modified">
            <summary>
            Modified
            </summary>
        </member>
        <member name="P:Microsoft.AspNet.StaticFiles.Resources.HtmlDir_Name">
            <summary>
            Name
            </summary>
        </member>
        <member name="M:Microsoft.AspNet.StaticFiles.Resources.FormatHtmlDir_Name">
            <summary>
            Name
            </summary>
        </member>
        <member name="P:Microsoft.AspNet.StaticFiles.Resources.HtmlDir_Size">
            <summary>
            Size
            </summary>
        </member>
        <member name="M:Microsoft.AspNet.StaticFiles.Resources.FormatHtmlDir_Size">
            <summary>
            Size
            </summary>
        </member>
        <member name="P:Microsoft.AspNet.StaticFiles.Resources.HtmlDir_TableSummary">
            <summary>
            The list of files in the given directory.  Column headers are listed in the first row.
            </summary>
        </member>
        <member name="M:Microsoft.AspNet.StaticFiles.Resources.FormatHtmlDir_TableSummary">
            <summary>
            The list of files in the given directory.  Column headers are listed in the first row.
            </summary>
        </member>
        <member name="T:Microsoft.AspNet.StaticFiles.SendFileExtensions">
            <summary>
            Extension methods for the SendFileMiddleware
            </summary>
        </member>
        <member name="M:Microsoft.AspNet.StaticFiles.SendFileExtensions.UseSendFileFallback(Microsoft.AspNet.Builder.IApplicationBuilder)">
            <summary>
            Provide a SendFile fallback if another component does not.
            </summary>
            <param name="builder"></param>
            <returns></returns>
        </member>
        <member name="T:Microsoft.AspNet.StaticFiles.SendFileMiddleware">
            <summary>
            This middleware provides an efficient fallback mechanism for sending static files
            when the server does not natively support such a feature.
            The caller is responsible for setting all headers in advance.
            The caller is responsible for performing the correct impersonation to give access to the file.
            </summary>
        </member>
        <member name="M:Microsoft.AspNet.StaticFiles.SendFileMiddleware.#ctor(Microsoft.AspNet.Builder.RequestDelegate,Microsoft.Framework.Logging.ILoggerFactory)">
            <summary>
            Creates a new instance of the SendFileMiddleware.
            </summary>
            <param name="next">The next middleware in the pipeline.</param>
            <param name="loggerFactory">An <see cref="T:Microsoft.Framework.Logging.ILoggerFactory"/> instance used to create loggers.</param>
        </member>
        <member name="T:Microsoft.AspNet.StaticFiles.StaticFileMiddleware">
            <summary>
            Enables serving static files for a given request path
            </summary>
        </member>
        <member name="M:Microsoft.AspNet.StaticFiles.StaticFileMiddleware.#ctor(Microsoft.AspNet.Builder.RequestDelegate,Microsoft.AspNet.Hosting.IHostingEnvironment,Microsoft.AspNet.StaticFiles.StaticFileOptions,Microsoft.Framework.Logging.ILoggerFactory)">
            <summary>
            Creates a new instance of the StaticFileMiddleware.
            </summary>
            <param name="next">The next middleware in the pipeline.</param>
            <param name="options">The configuration options.</param>
            <param name="loggerFactory">An <see cref="T:Microsoft.Framework.Logging.ILoggerFactory"/> instance used to create loggers.</param>
        </member>
        <member name="M:Microsoft.AspNet.StaticFiles.StaticFileMiddleware.Invoke(Microsoft.AspNet.Http.HttpContext)">
            <summary>
            Processes a request to determine if it matches a known file, and if so, serves it.
            </summary>
            <param name="context"></param>
            <returns></returns>
        </member>
        <member name="T:Microsoft.AspNet.StaticFiles.StaticFileOptions">
            <summary>
            Options for serving static files
            </summary>
        </member>
        <member name="M:Microsoft.AspNet.StaticFiles.StaticFileOptions.#ctor">
            <summary>
            Defaults to all request paths
            </summary>
        </member>
        <member name="M:Microsoft.AspNet.StaticFiles.StaticFileOptions.#ctor(Microsoft.AspNet.StaticFiles.Infrastructure.SharedOptions)">
            <summary>
            Defaults to all request paths
            </summary>
            <param name="sharedOptions"></param>
        </member>
        <member name="P:Microsoft.AspNet.StaticFiles.StaticFileOptions.ContentTypeProvider">
            <summary>
            Used to map files to content-types.
            </summary>
        </member>
        <member name="P:Microsoft.AspNet.StaticFiles.StaticFileOptions.DefaultContentType">
            <summary>
            The default content type for a request if the ContentTypeProvider cannot determine one.
            None is provided by default, so the client must determine the format themselves.
            http://www.w3.org/Protocols/rfc2616/rfc2616-sec7.html#sec7
            </summary>
        </member>
        <member name="P:Microsoft.AspNet.StaticFiles.StaticFileOptions.ServeUnknownFileTypes">
            <summary>
            If the file is not a recognized content-type should it be served?
            Default: false.
            </summary>
        </member>
        <member name="P:Microsoft.AspNet.StaticFiles.StaticFileOptions.OnPrepareResponse">
            <summary>
            Called after the status code and headers have been set, but before the body has been written.
            This can be used to add or change the response headers.
            </summary>
        </member>
        <member name="T:Microsoft.AspNet.StaticFiles.StaticFileResponseContext">
            <summary>
            Contains information about the request and the file that will be served in response.
            </summary>
        </member>
        <member name="P:Microsoft.AspNet.StaticFiles.StaticFileResponseContext.Context">
            <summary>
            The request and response information.
            </summary>
        </member>
        <member name="P:Microsoft.AspNet.StaticFiles.StaticFileResponseContext.File">
            <summary>
            The file to be served.
            </summary>
        </member>
        <member name="T:Microsoft.AspNet.StaticFiles.Infrastructure.SharedOptions">
            <summary>
            Options common to several middleware components
            </summary>
        </member>
        <member name="M:Microsoft.AspNet.StaticFiles.Infrastructure.SharedOptions.#ctor">
            <summary>
            Defaults to all request paths.
            </summary>
        </member>
        <member name="P:Microsoft.AspNet.StaticFiles.Infrastructure.SharedOptions.RequestPath">
            <summary>
            The request path that maps to static resources
            </summary>
        </member>
        <member name="P:Microsoft.AspNet.StaticFiles.Infrastructure.SharedOptions.FileProvider">
            <summary>
            The file system used to locate resources
            </summary>
        </member>
        <member name="T:Microsoft.AspNet.StaticFiles.Infrastructure.SharedOptionsBase`1">
            <summary>
            Options common to several middleware components
            </summary>
            <typeparam name="T">The type of the subclass</typeparam>
        </member>
        <member name="M:Microsoft.AspNet.StaticFiles.Infrastructure.SharedOptionsBase`1.#ctor(Microsoft.AspNet.StaticFiles.Infrastructure.SharedOptions)">
            <summary>
            Creates an new instance of the SharedOptionsBase.
            </summary>
            <param name="sharedOptions"></param>
        </member>
        <member name="P:Microsoft.AspNet.StaticFiles.Infrastructure.SharedOptionsBase`1.SharedOptions">
            <summary>
            Options common to several middleware components
            </summary>
        </member>
        <member name="P:Microsoft.AspNet.StaticFiles.Infrastructure.SharedOptionsBase`1.RequestPath">
            <summary>
            The relative request path that maps to static resources.
            </summary>
        </member>
        <member name="P:Microsoft.AspNet.StaticFiles.Infrastructure.SharedOptionsBase`1.FileProvider">
            <summary>
            The file system used to locate resources
            </summary>
        </member>
        <member name="T:Microsoft.AspNet.Builder.DefaultFilesExtensions">
            <summary>
            Extension methods for the DefaultFilesMiddleware
            </summary>
        </member>
        <member name="M:Microsoft.AspNet.Builder.DefaultFilesExtensions.UseDefaultFiles(Microsoft.AspNet.Builder.IApplicationBuilder)">
            <summary>
            Enables default file mapping on the current path
            </summary>
            <param name="builder"></param>
            <returns></returns>
        </member>
        <member name="M:Microsoft.AspNet.Builder.DefaultFilesExtensions.UseDefaultFiles(Microsoft.AspNet.Builder.IApplicationBuilder,System.String)">
            <summary>
            Enables default file mapping for the given request path
            </summary>
            <param name="builder"></param>
            <param name="requestPath">The relative request path.</param>
            <returns></returns>
        </member>
        <member name="M:Microsoft.AspNet.Builder.DefaultFilesExtensions.UseDefaultFiles(Microsoft.AspNet.Builder.IApplicationBuilder,Microsoft.AspNet.StaticFiles.DefaultFilesOptions)">
            <summary>
            Enables default file mapping with the given options
            </summary>
            <param name="builder"></param>
            <param name="options"></param>
            <returns></returns>
        </member>
        <member name="T:Microsoft.AspNet.Builder.DirectoryBrowserExtensions">
            <summary>
            Extension methods for the DirectoryBrowserMiddleware
            </summary>
        </member>
        <member name="M:Microsoft.AspNet.Builder.DirectoryBrowserExtensions.UseDirectoryBrowser(Microsoft.AspNet.Builder.IApplicationBuilder)">
            <summary>
            Enable directory browsing on the current path
            </summary>
            <param name="builder"></param>
            <returns></returns>
        </member>
        <member name="M:Microsoft.AspNet.Builder.DirectoryBrowserExtensions.UseDirectoryBrowser(Microsoft.AspNet.Builder.IApplicationBuilder,System.String)">
            <summary>
            Enables directory browsing for the given request path
            </summary>
            <param name="builder"></param>
            <param name="requestPath">The relative request path.</param>
            <returns></returns>
        </member>
        <member name="M:Microsoft.AspNet.Builder.DirectoryBrowserExtensions.UseDirectoryBrowser(Microsoft.AspNet.Builder.IApplicationBuilder,Microsoft.AspNet.StaticFiles.DirectoryBrowserOptions)">
            <summary>
            Enable directory browsing with the given options
            </summary>
            <param name="builder"></param>
            <param name="options"></param>
            <returns></returns>
        </member>
        <member name="T:Microsoft.AspNet.Builder.FileServerExtensions">
            <summary>
            Extension methods that combine all of the static file middleware components:
            Default files, directory browsing, send file, and static files
            </summary>
        </member>
        <member name="M:Microsoft.AspNet.Builder.FileServerExtensions.UseFileServer(Microsoft.AspNet.Builder.IApplicationBuilder)">
            <summary>
            Enable all static file middleware (except directory browsing) for the current request path in the current directory.
            </summary>
            <param name="builder"></param>
            <returns></returns>
        </member>
        <member name="M:Microsoft.AspNet.Builder.FileServerExtensions.UseFileServer(Microsoft.AspNet.Builder.IApplicationBuilder,System.Boolean)">
            <summary>
            Enable all static file middleware on for the current request path in the current directory.
            </summary>
            <param name="builder"></param>
            <param name="enableDirectoryBrowsing">Should directory browsing be enabled?</param>
            <returns></returns>
        </member>
        <member name="M:Microsoft.AspNet.Builder.FileServerExtensions.UseFileServer(Microsoft.AspNet.Builder.IApplicationBuilder,System.String)">
            <summary>
            Enables all static file middleware (except directory browsing) for the given request path from the directory of the same name
            </summary>
            <param name="builder"></param>
            <param name="requestPath">The relative request path.</param>
            <returns></returns>
        </member>
        <member name="M:Microsoft.AspNet.Builder.FileServerExtensions.UseFileServer(Microsoft.AspNet.Builder.IApplicationBuilder,Microsoft.AspNet.StaticFiles.FileServerOptions)">
            <summary>
            Enable all static file middleware with the given options
            </summary>
            <param name="builder"></param>
            <param name="options"></param>
            <returns></returns>
        </member>
        <member name="T:Microsoft.AspNet.Builder.StaticFileExtensions">
            <summary>
            Extension methods for the StaticFileMiddleware
            </summary>
        </member>
        <member name="M:Microsoft.AspNet.Builder.StaticFileExtensions.UseStaticFiles(Microsoft.AspNet.Builder.IApplicationBuilder)">
            <summary>
            Enables static file serving for the current request path
            </summary>
            <param name="builder"></param>
            <returns></returns>
        </member>
        <member name="M:Microsoft.AspNet.Builder.StaticFileExtensions.UseStaticFiles(Microsoft.AspNet.Builder.IApplicationBuilder,System.String)">
            <summary>
            Enables static file serving for the given request path
            </summary>
            <param name="builder"></param>
            <param name="requestPath">The relative request path.</param>
            <returns></returns>
        </member>
        <member name="M:Microsoft.AspNet.Builder.StaticFileExtensions.UseStaticFiles(Microsoft.AspNet.Builder.IApplicationBuilder,Microsoft.AspNet.StaticFiles.StaticFileOptions)">
            <summary>
            Enables static file serving with the given options
            </summary>
            <param name="builder"></param>
            <param name="options"></param>
            <returns></returns>
        </member>
        <member name="T:Microsoft.Framework.DependencyInjection.DirectoryBrowserServiceExtensions">
            <summary>
            Extension methods for adding directory browser services.
            </summary>
        </member>
        <member name="M:Microsoft.Framework.DependencyInjection.DirectoryBrowserServiceExtensions.AddDirectoryBrowser(Microsoft.Framework.DependencyInjection.IServiceCollection)">
            <summary>
            Adds directory browser middleware services.
            </summary>
            <param name="services"></param>
            <returns></returns>
        </member>
    </members>
</doc>
