<?xml version="1.0"?>
<doc>
    <assembly>
        <name>Microsoft.AspNet.Antiforgery</name>
    </assembly>
    <members>
        <member name="T:Microsoft.AspNet.Antiforgery.AntiforgeryContext">
            <summary>
            Used as a per request state.
            </summary>
        </member>
        <member name="T:Microsoft.AspNet.Antiforgery.AntiforgeryOptions">
            <summary>
            Provides programmatic configuration for the antiforgery token system.
            </summary>
        </member>
        <member name="P:Microsoft.AspNet.Antiforgery.AntiforgeryOptions.CookieName">
            <summary>
            Specifies the name of the cookie that is used by the antiforgery
            system.
            </summary>
            <remarks>
            If an explicit name is not provided, the system will automatically
            generate a name.
            </remarks>
        </member>
        <member name="P:Microsoft.AspNet.Antiforgery.AntiforgeryOptions.FormFieldName">
            <summary>
            Specifies the name of the antiforgery token field that is used by the antiforgery system.
            </summary>
        </member>
        <member name="P:Microsoft.AspNet.Antiforgery.AntiforgeryOptions.RequireSsl">
            <summary>
            Specifies whether SSL is required for the antiforgery system
            to operate. If this setting is 'true' and a non-SSL request
            comes into the system, all antiforgery APIs will fail.
            </summary>
        </member>
        <member name="P:Microsoft.AspNet.Antiforgery.AntiforgeryOptions.SuppressXFrameOptionsHeader">
            <summary>
            Specifies whether to suppress the generation of X-Frame-Options header
            which is used to prevent ClickJacking. By default, the X-Frame-Options
            header is generated with the value SAMEORIGIN. If this setting is 'true',
            the X-Frame-Options header will not be generated for the response.
            </summary>
        </member>
        <member name="T:Microsoft.AspNet.Antiforgery.AntiforgeryTokenSet">
            <summary>
            The antiforgery token pair (cookie and form token) for a request.
            </summary>
        </member>
        <member name="M:Microsoft.AspNet.Antiforgery.AntiforgeryTokenSet.#ctor(System.String,System.String)">
            <summary>
            Creates the antiforgery token pair (cookie and form token) for a request.
            </summary>
            <param name="formToken">The token that is supplied in the request form body.</param>
            <param name="cookieToken">The token that is supplied in the request cookie.</param>
        </member>
        <member name="P:Microsoft.AspNet.Antiforgery.AntiforgeryTokenSet.FormToken">
            <summary>
            The token that is supplied in the request form body.
            </summary>
        </member>
        <member name="P:Microsoft.AspNet.Antiforgery.AntiforgeryTokenSet.CookieToken">
            The cookie token is allowed to be null.
            This would be the case when the old cookie token is still valid.
            In such cases a call to GetTokens would return a token set with null cookie token.
        </member>
        <member name="T:Microsoft.AspNet.Antiforgery.DefaultAntiforgery">
            <summary>
            Provides access to the antiforgery system, which provides protection against
            Cross-site Request Forgery (XSRF, also called CSRF) attacks.
            </summary>
        </member>
        <member name="M:Microsoft.AspNet.Antiforgery.DefaultAntiforgery.GetHtml(Microsoft.AspNet.Http.HttpContext)">
            <inheritdoc />
        </member>
        <member name="M:Microsoft.AspNet.Antiforgery.DefaultAntiforgery.GetAndStoreTokens(Microsoft.AspNet.Http.HttpContext)">
            <inheritdoc />
        </member>
        <member name="M:Microsoft.AspNet.Antiforgery.DefaultAntiforgery.GetTokens(Microsoft.AspNet.Http.HttpContext)">
            <inheritdoc />
        </member>
        <member name="M:Microsoft.AspNet.Antiforgery.DefaultAntiforgery.ValidateRequestAsync(Microsoft.AspNet.Http.HttpContext)">
            <inheritdoc />
        </member>
        <member name="M:Microsoft.AspNet.Antiforgery.DefaultAntiforgery.ValidateTokens(Microsoft.AspNet.Http.HttpContext,Microsoft.AspNet.Antiforgery.AntiforgeryTokenSet)">
            <inheritdoc />
        </member>
        <member name="M:Microsoft.AspNet.Antiforgery.DefaultAntiforgery.SetCookieTokenAndHeader(Microsoft.AspNet.Http.HttpContext)">
            <inheritdoc />
        </member>
        <member name="T:Microsoft.AspNet.Antiforgery.DefaultAntiforgeryAdditionalDataProvider">
            <summary>
            A default <see cref="T:Microsoft.AspNet.Antiforgery.IAntiforgeryAdditionalDataProvider"/> implementation.
            </summary>
        </member>
        <member name="M:Microsoft.AspNet.Antiforgery.DefaultAntiforgeryAdditionalDataProvider.GetAdditionalData(Microsoft.AspNet.Http.HttpContext)">
            <inheritdoc />
        </member>
        <member name="M:Microsoft.AspNet.Antiforgery.DefaultAntiforgeryAdditionalDataProvider.ValidateAdditionalData(Microsoft.AspNet.Http.HttpContext,System.String)">
            <inheritdoc />
        </member>
        <member name="T:Microsoft.AspNet.Antiforgery.DefaultClaimUidExtractor">
            <summary>
            Default implementation of <see cref="T:Microsoft.AspNet.Antiforgery.IClaimUidExtractor"/>.
            </summary>
        </member>
        <member name="M:Microsoft.AspNet.Antiforgery.DefaultClaimUidExtractor.ExtractClaimUid(System.Security.Claims.ClaimsIdentity)">
            <inheritdoc />
        </member>
        <member name="T:Microsoft.AspNet.Antiforgery.IAntiforgery">
            <summary>
            Provides access to the antiforgery system, which provides protection against
            Cross-site Request Forgery (XSRF, also called CSRF) attacks.
            </summary>
        </member>
        <member name="M:Microsoft.AspNet.Antiforgery.IAntiforgery.GetHtml(Microsoft.AspNet.Http.HttpContext)">
            <summary>
            Generates an input field for an antiforgery token. 
            </summary>
            <param name="context">The <see cref="T:Microsoft.AspNet.Http.HttpContext"/> associated with the current request.</param>
            <returns>
            A string containing an &lt;input type="hidden"&gt; element. This element should be put inside
            a &lt;form&gt;.
            </returns>
            <remarks>
            This method has a side effect:
            A response cookie is set if there is no valid cookie associated with the request.
            </remarks>
        </member>
        <member name="M:Microsoft.AspNet.Antiforgery.IAntiforgery.GetAndStoreTokens(Microsoft.AspNet.Http.HttpContext)">
            <summary>
            Generates an <see cref="T:Microsoft.AspNet.Antiforgery.AntiforgeryTokenSet"/> for this request and stores the cookie token
            in the response.
            </summary>
            <param name="context">The <see cref="T:Microsoft.AspNet.Http.HttpContext"/> associated with the current request.</param>
            <returns>An <see cref="T:Microsoft.AspNet.Antiforgery.AntiforgeryTokenSet" /> with tokens for the response.</returns>
            <remarks>
            This method has a side effect:
            A response cookie is set if there is no valid cookie associated with the request.
            </remarks>
        </member>
        <member name="M:Microsoft.AspNet.Antiforgery.IAntiforgery.GetTokens(Microsoft.AspNet.Http.HttpContext)">
            <summary>
            Generates an <see cref="T:Microsoft.AspNet.Antiforgery.AntiforgeryTokenSet"/> for this request.
            </summary>
            <param name="context">The <see cref="T:Microsoft.AspNet.Http.HttpContext"/> associated with the current request.</param>
            <remarks>
            Unlike <see cref="M:Microsoft.AspNet.Antiforgery.IAntiforgery.GetAndStoreTokens(Microsoft.AspNet.Http.HttpContext)"/>, this method has no side effect. The caller
            is responsible for setting the response cookie and injecting the returned
            form token as appropriate.
            </remarks>
        </member>
        <member name="M:Microsoft.AspNet.Antiforgery.IAntiforgery.ValidateRequestAsync(Microsoft.AspNet.Http.HttpContext)">
            <summary>
            Validates an antiforgery token that was supplied as part of the request.
            </summary>
            <param name="context">The <see cref="T:Microsoft.AspNet.Http.HttpContext"/> associated with the current request.</param>
        </member>
        <member name="M:Microsoft.AspNet.Antiforgery.IAntiforgery.ValidateTokens(Microsoft.AspNet.Http.HttpContext,Microsoft.AspNet.Antiforgery.AntiforgeryTokenSet)">
            <summary>
            Validates an <see cref="T:Microsoft.AspNet.Antiforgery.AntiforgeryTokenSet"/> for the current request.
            </summary>
            <param name="context">The <see cref="T:Microsoft.AspNet.Http.HttpContext"/> associated with the current request.</param>
            <param name="antiforgeryTokenSet">
            The <see cref="T:Microsoft.AspNet.Antiforgery.AntiforgeryTokenSet"/> (cookie and form token) for this request.
            </param>
        </member>
        <member name="M:Microsoft.AspNet.Antiforgery.IAntiforgery.SetCookieTokenAndHeader(Microsoft.AspNet.Http.HttpContext)">
            <summary>
            Generates and stores an antiforgery cookie token if one is not available or not valid.
            </summary>
            <param name="context">The <see cref="T:Microsoft.AspNet.Http.HttpContext"/> associated with the current request.</param>
        </member>
        <member name="T:Microsoft.AspNet.Antiforgery.IAntiforgeryAdditionalDataProvider">
            <summary>
            Allows providing or validating additional custom data for antiforgery tokens.
            For example, the developer could use this to supply a nonce when the token is
            generated, then he could validate the nonce when the token is validated.
            </summary>
            <remarks>
            The antiforgery system already embeds the client's username within the
            generated tokens. This interface provides and consumes <em>supplemental</em>
            data. If an incoming antiforgery token contains supplemental data but no
            additional data provider is configured, the supplemental data will not be
            validated.
            </remarks>
        </member>
        <member name="M:Microsoft.AspNet.Antiforgery.IAntiforgeryAdditionalDataProvider.GetAdditionalData(Microsoft.AspNet.Http.HttpContext)">
            <summary>
            Provides additional data to be stored for the antiforgery tokens generated
            during this request.
            </summary>
            <param name="context">Information about the current request.</param>
            <returns>Supplemental data to embed within the antiforgery token.</returns>
        </member>
        <member name="M:Microsoft.AspNet.Antiforgery.IAntiforgeryAdditionalDataProvider.ValidateAdditionalData(Microsoft.AspNet.Http.HttpContext,System.String)">
            <summary>
            Validates additional data that was embedded inside an incoming antiforgery
            token.
            </summary>
            <param name="context">Information about the current request.</param>
            <param name="additionalData">Supplemental data that was embedded within the token.</param>
            <returns>True if the data is valid; false if the data is invalid.</returns>
        </member>
        <member name="T:Microsoft.AspNet.Antiforgery.IAntiforgeryTokenGenerator">
            <summary>
            Generates and validates antiforgery tokens.
            </summary>
        </member>
        <member name="M:Microsoft.AspNet.Antiforgery.IAntiforgeryTokenStore.GetRequestTokensAsync(Microsoft.AspNet.Http.HttpContext)">
            <summary>
            Gets the cookie and form tokens from the request. Will throw an exception if either token is
            not present.
            </summary>
            <param name="httpContext">The <see cref="T:Microsoft.AspNet.Http.HttpContext"/> for the current request.</param>
            <returns>The <see cref="T:Microsoft.AspNet.Antiforgery.AntiforgeryTokenSet"/>.</returns>
        </member>
        <member name="T:Microsoft.AspNet.Antiforgery.IClaimUidExtractor">
            <summary>
            This interface can extract unique identifers for a claims-based identity.
            </summary>
        </member>
        <member name="M:Microsoft.AspNet.Antiforgery.IClaimUidExtractor.ExtractClaimUid(System.Security.Claims.ClaimsIdentity)">
            <summary>
            Extracts claims identifier.
            </summary>
            <param name="identity">The <see cref="T:System.Security.Claims.ClaimsIdentity"/>.</param>
            <returns>The claims identifier.</returns>
        </member>
        <member name="P:Microsoft.AspNet.Antiforgery.Resources.AntiforgeryTokenValidator_AuthenticatedUserWithoutUsername">
            <summary>
            The provided identity of type '{0}' is marked {1} = {2} but does not have a value for {3}. By default, the antiforgery system requires that all authenticated identities have a unique {3}. If it is not possible to provide a unique {3} for this identity, consider extending {4} by overriding the {5} or a custom type that can provide some form of unique identifier for the current user.
            </summary>
        </member>
        <member name="M:Microsoft.AspNet.Antiforgery.Resources.FormatAntiforgeryTokenValidator_AuthenticatedUserWithoutUsername(System.Object,System.Object,System.Object,System.Object,System.Object,System.Object)">
            <summary>
            The provided identity of type '{0}' is marked {1} = {2} but does not have a value for {3}. By default, the antiforgery system requires that all authenticated identities have a unique {3}. If it is not possible to provide a unique {3} for this identity, consider extending {4} by overriding the {5} or a custom type that can provide some form of unique identifier for the current user.
            </summary>
        </member>
        <member name="P:Microsoft.AspNet.Antiforgery.Resources.AntiforgeryToken_AdditionalDataCheckFailed">
            <summary>
            The provided antiforgery token failed a custom data check.
            </summary>
        </member>
        <member name="M:Microsoft.AspNet.Antiforgery.Resources.FormatAntiforgeryToken_AdditionalDataCheckFailed">
            <summary>
            The provided antiforgery token failed a custom data check.
            </summary>
        </member>
        <member name="P:Microsoft.AspNet.Antiforgery.Resources.AntiforgeryToken_ClaimUidMismatch">
            <summary>
            The provided antiforgery token was meant for a different claims-based user than the current user.
            </summary>
        </member>
        <member name="M:Microsoft.AspNet.Antiforgery.Resources.FormatAntiforgeryToken_ClaimUidMismatch">
            <summary>
            The provided antiforgery token was meant for a different claims-based user than the current user.
            </summary>
        </member>
        <member name="P:Microsoft.AspNet.Antiforgery.Resources.AntiforgeryToken_DeserializationFailed">
            <summary>
            The antiforgery token could not be decrypted.
            </summary>
        </member>
        <member name="M:Microsoft.AspNet.Antiforgery.Resources.FormatAntiforgeryToken_DeserializationFailed">
            <summary>
            The antiforgery token could not be decrypted.
            </summary>
        </member>
        <member name="P:Microsoft.AspNet.Antiforgery.Resources.AntiforgeryToken_SecurityTokenMismatch">
            <summary>
            The antiforgery cookie token and form field token do not match.
            </summary>
        </member>
        <member name="M:Microsoft.AspNet.Antiforgery.Resources.FormatAntiforgeryToken_SecurityTokenMismatch">
            <summary>
            The antiforgery cookie token and form field token do not match.
            </summary>
        </member>
        <member name="P:Microsoft.AspNet.Antiforgery.Resources.AntiforgeryToken_TokensSwapped">
            <summary>
            Validation of the provided antiforgery token failed. The cookie token and the form token were swapped.
            </summary>
        </member>
        <member name="M:Microsoft.AspNet.Antiforgery.Resources.FormatAntiforgeryToken_TokensSwapped">
            <summary>
            Validation of the provided antiforgery token failed. The cookie token and the form token were swapped.
            </summary>
        </member>
        <member name="P:Microsoft.AspNet.Antiforgery.Resources.AntiforgeryToken_UsernameMismatch">
            <summary>
            The provided antiforgery token was meant for user "{0}", but the current user is "{1}".
            </summary>
        </member>
        <member name="M:Microsoft.AspNet.Antiforgery.Resources.FormatAntiforgeryToken_UsernameMismatch(System.Object,System.Object)">
            <summary>
            The provided antiforgery token was meant for user "{0}", but the current user is "{1}".
            </summary>
        </member>
        <member name="P:Microsoft.AspNet.Antiforgery.Resources.AntiforgeryWorker_RequireSSL">
            <summary>
            The antiforgery system has the configuration value {0}.{1} = {2}, but the current request is not an SSL request.
            </summary>
        </member>
        <member name="M:Microsoft.AspNet.Antiforgery.Resources.FormatAntiforgeryWorker_RequireSSL(System.Object,System.Object,System.Object)">
            <summary>
            The antiforgery system has the configuration value {0}.{1} = {2}, but the current request is not an SSL request.
            </summary>
        </member>
        <member name="P:Microsoft.AspNet.Antiforgery.Resources.Antiforgery_CookieToken_MustBeProvided">
            <summary>
            The required antiforgery cookie "{0}" is not present.
            </summary>
        </member>
        <member name="M:Microsoft.AspNet.Antiforgery.Resources.FormatAntiforgery_CookieToken_MustBeProvided(System.Object)">
            <summary>
            The required antiforgery cookie "{0}" is not present.
            </summary>
        </member>
        <member name="P:Microsoft.AspNet.Antiforgery.Resources.Antiforgery_CookieToken_MustBeProvided_Generic">
            <summary>
            The cookie token must be provided.
            </summary>
        </member>
        <member name="M:Microsoft.AspNet.Antiforgery.Resources.FormatAntiforgery_CookieToken_MustBeProvided_Generic">
            <summary>
            The cookie token must be provided.
            </summary>
        </member>
        <member name="P:Microsoft.AspNet.Antiforgery.Resources.Antiforgery_FormToken_MustBeProvided">
            <summary>
            The required antiforgery form field "{0}" is not present.
            </summary>
        </member>
        <member name="M:Microsoft.AspNet.Antiforgery.Resources.FormatAntiforgery_FormToken_MustBeProvided(System.Object)">
            <summary>
            The required antiforgery form field "{0}" is not present.
            </summary>
        </member>
        <member name="P:Microsoft.AspNet.Antiforgery.Resources.Antiforgery_FormToken_MustBeProvided_Generic">
            <summary>
            The form token must be provided.
            </summary>
        </member>
        <member name="M:Microsoft.AspNet.Antiforgery.Resources.FormatAntiforgery_FormToken_MustBeProvided_Generic">
            <summary>
            The form token must be provided.
            </summary>
        </member>
        <member name="P:Microsoft.AspNet.Antiforgery.Resources.ArgumentCannotBeNullOrEmpty">
            <summary>
            Value cannot be null or empty.
            </summary>
        </member>
        <member name="M:Microsoft.AspNet.Antiforgery.Resources.FormatArgumentCannotBeNullOrEmpty">
            <summary>
            Value cannot be null or empty.
            </summary>
        </member>
    </members>
</doc>
