<?xml version="1.0"?>
<doc>
    <assembly>
        <name>Microsoft.Framework.Globalization.CultureInfoCache</name>
    </assembly>
    <members>
        <member name="T:Microsoft.Framework.Globalization.CultureInfoCache">
            <summary>
            Provides read-only cached instances of <see cref="T:System.Globalization.CultureInfo"/>.
            </summary>
            <summary>
            Contains a list of known culture names that can be used to create a <see cref="T:System.Globalization.CultureInfo"/>.
            </summary>
        </member>
        <member name="M:Microsoft.Framework.Globalization.CultureInfoCache.GetCultureInfo(System.String)">
            <summary>
            Gets a read-only cached <see cref="T:System.Globalization.CultureInfo"/> for the specified name. Only names that exist in
            <see cref="F:Microsoft.Framework.Globalization.CultureInfoCache.KnownCultureNames"/> will be used.
            </summary>
            <param name="name">The culture name.</param>
            <returns>
            A read-only cached <see cref="T:System.Globalization.CultureInfo"/> or <c>null</c> a match wasn't found in
            <see cref="F:Microsoft.Framework.Globalization.CultureInfoCache.KnownCultureNames"/>.
            </returns>
        </member>
        <member name="F:Microsoft.Framework.Globalization.CultureInfoCache.KnownCultureNames">
            <summary>
            This list of known cultures was generated by CultureInfoGenerator using .NET Framework 4.6 RC or later on
            Microsoft Windows NT 6.2.9200.0.
            As new versions of .NET Framework and Windows are released, this list should be regenerated to ensure it
            contains the latest culture names.
            </summary>
        </member>
    </members>
</doc>
