<?xml version="1.0"?>
<doc>
    <assembly>
        <name>Microsoft.AspNet.Diagnostics</name>
    </assembly>
    <members>
        <member name="T:Microsoft.AspNet.Diagnostics.ErrorPageMiddleware">
            <summary>
            Captures synchronous and asynchronous exceptions from the pipeline and generates HTML error responses.
            </summary>
        </member>
        <member name="M:Microsoft.AspNet.Diagnostics.ErrorPageMiddleware.#ctor(Microsoft.AspNet.Builder.RequestDelegate,Microsoft.AspNet.Diagnostics.ErrorPageOptions,Microsoft.Framework.Logging.ILoggerFactory,Microsoft.Dnx.Runtime.IApplicationEnvironment)">
            <summary>
            Initializes a new instance of the <see cref="T:Microsoft.AspNet.Diagnostics.ErrorPageMiddleware"/> class
            </summary>
            <param name="next"></param>
            <param name="options"></param>
        </member>
        <member name="M:Microsoft.AspNet.Diagnostics.ErrorPageMiddleware.Invoke(Microsoft.AspNet.Http.HttpContext)">
            <summary>
            Process an individual request.
            </summary>
            <param name="context"></param>
            <returns></returns>
        </member>
        <member name="T:Microsoft.AspNet.Diagnostics.ErrorPageOptions">
            <summary>
            Options for the ErrorPageMiddleware.
            </summary>
        </member>
        <member name="M:Microsoft.AspNet.Diagnostics.ErrorPageOptions.#ctor">
            <summary>
            Create an instance with the default options settings.
            </summary>
        </member>
        <member name="P:Microsoft.AspNet.Diagnostics.ErrorPageOptions.SourceCodeLineCount">
            <summary>
            Determines how many lines of code to include before and after the line of code
            present in an exception's stack frame. Only applies when symbols are available and
            source code referenced by the exception stack trace is present on the server.
            </summary>
        </member>
        <member name="P:Microsoft.AspNet.Diagnostics.ErrorPageOptions.FileProvider">
            <summary>
            Provides files containing source code used to display contextual information of an exception.
            </summary>
            <remarks>
            If <c>null</c> <see cref="T:Microsoft.AspNet.Diagnostics.ErrorPageMiddleware" /> will use a <see cref="T:Microsoft.AspNet.FileProviders.PhysicalFileProvider"/>.
            </remarks>
        </member>
        <member name="T:Microsoft.AspNet.Diagnostics.RuntimeInfoMiddleware">
            <summary>
            Displays information about the packages used by the application at runtime
            </summary>
        </member>
        <member name="M:Microsoft.AspNet.Diagnostics.RuntimeInfoMiddleware.#ctor(Microsoft.AspNet.Builder.RequestDelegate,Microsoft.AspNet.Diagnostics.RuntimeInfoPageOptions,Microsoft.Dnx.Runtime.ILibraryManager,Microsoft.Dnx.Runtime.IRuntimeEnvironment)">
            <summary>
            Initializes a new instance of the <see cref="T:Microsoft.AspNet.Diagnostics.RuntimeInfoMiddleware"/> class
            </summary>
            <param name="next"></param>
            <param name="options"></param>
        </member>
        <member name="M:Microsoft.AspNet.Diagnostics.RuntimeInfoMiddleware.Invoke(Microsoft.AspNet.Http.HttpContext)">
            <summary>
            Process an individual request.
            </summary>
            <param name="context"></param>
            <returns></returns>
        </member>
        <member name="T:Microsoft.AspNet.Diagnostics.RuntimeInfoPageOptions">
            <summary>
            Options for the RuntimeInfoPage
            </summary>
        </member>
        <member name="M:Microsoft.AspNet.Diagnostics.RuntimeInfoPageOptions.#ctor">
            <summary>
            Initializes a new instance of the <see cref="T:Microsoft.AspNet.Diagnostics.RuntimeInfoPageOptions" /> class
            </summary>
        </member>
        <member name="P:Microsoft.AspNet.Diagnostics.RuntimeInfoPageOptions.Path">
            <summary>
            Specifies which request path will be responded to. Exact match only. Set to null to handle all requests.
            </summary>
        </member>
        <member name="T:Microsoft.AspNet.Diagnostics.StatusCodePagesFeature">
            <summary>
            Represents the Status code pages feature.
            </summary>
        </member>
        <member name="T:Microsoft.AspNet.Diagnostics.StatusCodePagesOptions">
            <summary>
            Options for StatusCodePagesMiddleware.
            </summary>
        </member>
        <member name="T:Microsoft.AspNet.Diagnostics.WelcomePageMiddleware">
            <summary>
            This middleware provides a default web page for new applications.
            </summary>
        </member>
        <member name="M:Microsoft.AspNet.Diagnostics.WelcomePageMiddleware.#ctor(Microsoft.AspNet.Builder.RequestDelegate,Microsoft.AspNet.Diagnostics.WelcomePageOptions)">
            <summary>
            Creates a default web page for new applications.
            </summary>
            <param name="next"></param>
            <param name="options"></param>
        </member>
        <member name="M:Microsoft.AspNet.Diagnostics.WelcomePageMiddleware.Invoke(Microsoft.AspNet.Http.HttpContext)">
            <summary>
            Process an individual request.
            </summary>
            <param name="environment"></param>
            <returns></returns>
        </member>
        <member name="T:Microsoft.AspNet.Diagnostics.WelcomePageOptions">
            <summary>
            Options for the WelcomePageMiddleware.
            </summary>
        </member>
        <member name="P:Microsoft.AspNet.Diagnostics.WelcomePageOptions.Path">
            <summary>
            Specifies which requests paths will be responded to. Exact matches only. Leave null to handle all requests.
            </summary>
        </member>
        <member name="P:Microsoft.AspNet.Diagnostics.Resources.DiagnosticsPageHtml_Information">
            <summary>
            You are seeing this page because DiagnosticsPageMiddleware was added to your web application.
            </summary>
        </member>
        <member name="M:Microsoft.AspNet.Diagnostics.Resources.FormatDiagnosticsPageHtml_Information">
            <summary>
            You are seeing this page because DiagnosticsPageMiddleware was added to your web application.
            </summary>
        </member>
        <member name="P:Microsoft.AspNet.Diagnostics.Resources.DiagnosticsPageHtml_TestErrorMessage">
            <summary>
            Test Error Message
            </summary>
        </member>
        <member name="M:Microsoft.AspNet.Diagnostics.Resources.FormatDiagnosticsPageHtml_TestErrorMessage">
            <summary>
            Test Error Message
            </summary>
        </member>
        <member name="P:Microsoft.AspNet.Diagnostics.Resources.DiagnosticsPageHtml_TestErrorSection">
            <summary>
            Test Error Page
            </summary>
        </member>
        <member name="M:Microsoft.AspNet.Diagnostics.Resources.FormatDiagnosticsPageHtml_TestErrorSection">
            <summary>
            Test Error Page
            </summary>
        </member>
        <member name="P:Microsoft.AspNet.Diagnostics.Resources.DiagnosticsPageHtml_Title">
            <summary>
            Diagnostics Page
            </summary>
        </member>
        <member name="M:Microsoft.AspNet.Diagnostics.Resources.FormatDiagnosticsPageHtml_Title">
            <summary>
            Diagnostics Page
            </summary>
        </member>
        <member name="P:Microsoft.AspNet.Diagnostics.Resources.ErrorPageHtml_CookiesButton">
            <summary>
            Cookies
            </summary>
        </member>
        <member name="M:Microsoft.AspNet.Diagnostics.Resources.FormatErrorPageHtml_CookiesButton">
            <summary>
            Cookies
            </summary>
        </member>
        <member name="P:Microsoft.AspNet.Diagnostics.Resources.ErrorPageHtml_HeadersButton">
            <summary>
            Headers
            </summary>
        </member>
        <member name="M:Microsoft.AspNet.Diagnostics.Resources.FormatErrorPageHtml_HeadersButton">
            <summary>
            Headers
            </summary>
        </member>
        <member name="P:Microsoft.AspNet.Diagnostics.Resources.ErrorPageHtml_NoCookieData">
            <summary>
            No cookie data.
            </summary>
        </member>
        <member name="M:Microsoft.AspNet.Diagnostics.Resources.FormatErrorPageHtml_NoCookieData">
            <summary>
            No cookie data.
            </summary>
        </member>
        <member name="P:Microsoft.AspNet.Diagnostics.Resources.ErrorPageHtml_NoHeaderData">
            <summary>
            No header data.
            </summary>
        </member>
        <member name="M:Microsoft.AspNet.Diagnostics.Resources.FormatErrorPageHtml_NoHeaderData">
            <summary>
            No header data.
            </summary>
        </member>
        <member name="P:Microsoft.AspNet.Diagnostics.Resources.ErrorPageHtml_NoQueryStringData">
            <summary>
            No QueryString data.
            </summary>
        </member>
        <member name="M:Microsoft.AspNet.Diagnostics.Resources.FormatErrorPageHtml_NoQueryStringData">
            <summary>
            No QueryString data.
            </summary>
        </member>
        <member name="P:Microsoft.AspNet.Diagnostics.Resources.ErrorPageHtml_QueryButton">
            <summary>
            Query
            </summary>
        </member>
        <member name="M:Microsoft.AspNet.Diagnostics.Resources.FormatErrorPageHtml_QueryButton">
            <summary>
            Query
            </summary>
        </member>
        <member name="P:Microsoft.AspNet.Diagnostics.Resources.ErrorPageHtml_StackButton">
            <summary>
            Stack
            </summary>
        </member>
        <member name="M:Microsoft.AspNet.Diagnostics.Resources.FormatErrorPageHtml_StackButton">
            <summary>
            Stack
            </summary>
        </member>
        <member name="P:Microsoft.AspNet.Diagnostics.Resources.ErrorPageHtml_Title">
            <summary>
            Internal Server Error
            </summary>
        </member>
        <member name="M:Microsoft.AspNet.Diagnostics.Resources.FormatErrorPageHtml_Title">
            <summary>
            Internal Server Error
            </summary>
        </member>
        <member name="P:Microsoft.AspNet.Diagnostics.Resources.ErrorPageHtml_UnhandledException">
            <summary>
            An unhandled exception occurred while processing the request.
            </summary>
        </member>
        <member name="M:Microsoft.AspNet.Diagnostics.Resources.FormatErrorPageHtml_UnhandledException">
            <summary>
            An unhandled exception occurred while processing the request.
            </summary>
        </member>
        <member name="P:Microsoft.AspNet.Diagnostics.Resources.ErrorPageHtml_UnknownLocation">
            <summary>
            Unknown location
            </summary>
        </member>
        <member name="M:Microsoft.AspNet.Diagnostics.Resources.FormatErrorPageHtml_UnknownLocation">
            <summary>
            Unknown location
            </summary>
        </member>
        <member name="P:Microsoft.AspNet.Diagnostics.Resources.ErrorPageHtml_ValueColumn">
            <summary>
            Value
            </summary>
        </member>
        <member name="M:Microsoft.AspNet.Diagnostics.Resources.FormatErrorPageHtml_ValueColumn">
            <summary>
            Value
            </summary>
        </member>
        <member name="P:Microsoft.AspNet.Diagnostics.Resources.ErrorPageHtml_VariableColumn">
            <summary>
            Variable
            </summary>
        </member>
        <member name="M:Microsoft.AspNet.Diagnostics.Resources.FormatErrorPageHtml_VariableColumn">
            <summary>
            Variable
            </summary>
        </member>
        <member name="P:Microsoft.AspNet.Diagnostics.Resources.Exception_PathMustStartWithSlash">
            <summary>
            The path must start with a '/'.
            </summary>
        </member>
        <member name="M:Microsoft.AspNet.Diagnostics.Resources.FormatException_PathMustStartWithSlash">
            <summary>
            The path must start with a '/'.
            </summary>
        </member>
        <member name="P:Microsoft.AspNet.Diagnostics.Resources.RuntimeInfoPage_PackageNameColumnName">
            <summary>
            Name
            </summary>
        </member>
        <member name="M:Microsoft.AspNet.Diagnostics.Resources.FormatRuntimeInfoPage_PackageNameColumnName">
            <summary>
            Name
            </summary>
        </member>
        <member name="P:Microsoft.AspNet.Diagnostics.Resources.RuntimeInfoPage_PackagePathColumnName">
            <summary>
            Path
            </summary>
        </member>
        <member name="M:Microsoft.AspNet.Diagnostics.Resources.FormatRuntimeInfoPage_PackagePathColumnName">
            <summary>
            Path
            </summary>
        </member>
        <member name="P:Microsoft.AspNet.Diagnostics.Resources.RuntimeInfoPage_Packages">
            <summary>
            Packages:
            </summary>
        </member>
        <member name="M:Microsoft.AspNet.Diagnostics.Resources.FormatRuntimeInfoPage_Packages">
            <summary>
            Packages:
            </summary>
        </member>
        <member name="P:Microsoft.AspNet.Diagnostics.Resources.RuntimeInfoPage_PackagesFail">
            <summary>
            Could not retrieve the list of loaded packages.
            </summary>
        </member>
        <member name="M:Microsoft.AspNet.Diagnostics.Resources.FormatRuntimeInfoPage_PackagesFail">
            <summary>
            Could not retrieve the list of loaded packages.
            </summary>
        </member>
        <member name="P:Microsoft.AspNet.Diagnostics.Resources.RuntimeInfoPage_PackageVersionColumnName">
            <summary>
            Version
            </summary>
        </member>
        <member name="M:Microsoft.AspNet.Diagnostics.Resources.FormatRuntimeInfoPage_PackageVersionColumnName">
            <summary>
            Version
            </summary>
        </member>
        <member name="P:Microsoft.AspNet.Diagnostics.Resources.RuntimeInfoPage_RuntimeVersion">
            <summary>
            Runtime Version:
            </summary>
        </member>
        <member name="M:Microsoft.AspNet.Diagnostics.Resources.FormatRuntimeInfoPage_RuntimeVersion">
            <summary>
            Runtime Version:
            </summary>
        </member>
        <member name="P:Microsoft.AspNet.Diagnostics.Resources.RuntimeInfoPage_RuntimeVersionFail">
            <summary>
            Could not determine the runtime version.
            </summary>
        </member>
        <member name="M:Microsoft.AspNet.Diagnostics.Resources.FormatRuntimeInfoPage_RuntimeVersionFail">
            <summary>
            Could not determine the runtime version.
            </summary>
        </member>
        <member name="P:Microsoft.AspNet.Diagnostics.Resources.RuntimeInfoPage_Title">
            <summary>
            Runtime Information
            </summary>
        </member>
        <member name="M:Microsoft.AspNet.Diagnostics.Resources.FormatRuntimeInfoPage_Title">
            <summary>
            Runtime Information
            </summary>
        </member>
        <member name="P:Microsoft.AspNet.Diagnostics.Resources.WelcomeHeader">
            <summary>
            Welcome
            </summary>
        </member>
        <member name="M:Microsoft.AspNet.Diagnostics.Resources.FormatWelcomeHeader">
            <summary>
            Welcome
            </summary>
        </member>
        <member name="P:Microsoft.AspNet.Diagnostics.Resources.WelcomeLearnMicrosoftAspNet">
            <summary>
            Learn more about the Microsoft ASP.NET 5 components
            </summary>
        </member>
        <member name="M:Microsoft.AspNet.Diagnostics.Resources.FormatWelcomeLearnMicrosoftAspNet">
            <summary>
            Learn more about the Microsoft ASP.NET 5 components
            </summary>
        </member>
        <member name="P:Microsoft.AspNet.Diagnostics.Resources.WelcomePageImageText_Browser">
            <summary>
            Browser
            </summary>
        </member>
        <member name="M:Microsoft.AspNet.Diagnostics.Resources.FormatWelcomePageImageText_Browser">
            <summary>
            Browser
            </summary>
        </member>
        <member name="P:Microsoft.AspNet.Diagnostics.Resources.WelcomePageImageText_LearnMore">
            <summary>
            Learn More
            </summary>
        </member>
        <member name="M:Microsoft.AspNet.Diagnostics.Resources.FormatWelcomePageImageText_LearnMore">
            <summary>
            Learn More
            </summary>
        </member>
        <member name="P:Microsoft.AspNet.Diagnostics.Resources.WelcomePageImageText_LightBulb">
            <summary>
            Light Bulb
            </summary>
        </member>
        <member name="M:Microsoft.AspNet.Diagnostics.Resources.FormatWelcomePageImageText_LightBulb">
            <summary>
            Light Bulb
            </summary>
        </member>
        <member name="P:Microsoft.AspNet.Diagnostics.Resources.WelcomePageImageText_Skyline">
            <summary>
            Skyline
            </summary>
        </member>
        <member name="M:Microsoft.AspNet.Diagnostics.Resources.FormatWelcomePageImageText_Skyline">
            <summary>
            Skyline
            </summary>
        </member>
        <member name="P:Microsoft.AspNet.Diagnostics.Resources.WelcomeStarted">
            <summary>
            Your ASP.NET 5 application has been successfully started
            </summary>
        </member>
        <member name="M:Microsoft.AspNet.Diagnostics.Resources.FormatWelcomeStarted">
            <summary>
            Your ASP.NET 5 application has been successfully started
            </summary>
        </member>
        <member name="P:Microsoft.AspNet.Diagnostics.Resources.WelcomeTitle">
            <summary>
            Your ASP.NET 5 application has been successfully started.
            </summary>
        </member>
        <member name="M:Microsoft.AspNet.Diagnostics.Resources.FormatWelcomeTitle">
            <summary>
            Your ASP.NET 5 application has been successfully started.
            </summary>
        </member>
        <member name="P:Microsoft.AspNet.Diagnostics.Resources.ErrorPageHtml_CompilationException">
            <summary>
            An error occurred during the compilation of a resource required to process this request. Please review the following specific error details and modify your source code appropriately.
            </summary>
        </member>
        <member name="M:Microsoft.AspNet.Diagnostics.Resources.FormatErrorPageHtml_CompilationException">
            <summary>
            An error occurred during the compilation of a resource required to process this request. Please review the following specific error details and modify your source code appropriately.
            </summary>
        </member>
        <member name="P:Microsoft.AspNet.Diagnostics.Resources.RuntimeInfoPage_OperatingSystem">
            <summary>
            Operating System:
            </summary>
        </member>
        <member name="M:Microsoft.AspNet.Diagnostics.Resources.FormatRuntimeInfoPage_OperatingSystem">
            <summary>
            Operating System:
            </summary>
        </member>
        <member name="P:Microsoft.AspNet.Diagnostics.Resources.RuntimeInfoPage_RuntimeArchitecture">
            <summary>
            Runtime Architecture:
            </summary>
        </member>
        <member name="M:Microsoft.AspNet.Diagnostics.Resources.FormatRuntimeInfoPage_RuntimeArchitecture">
            <summary>
            Runtime Architecture:
            </summary>
        </member>
        <member name="P:Microsoft.AspNet.Diagnostics.Resources.RuntimeInfoPage_RuntimeType">
            <summary>
            Runtime Type:
            </summary>
        </member>
        <member name="M:Microsoft.AspNet.Diagnostics.Resources.FormatRuntimeInfoPage_RuntimeType">
            <summary>
            Runtime Type:
            </summary>
        </member>
        <member name="P:Microsoft.AspNet.Diagnostics.Resources.RuntimeInfoPage_OperatingSystemFail">
            <summary>
            Could not determine the operating system.
            </summary>
        </member>
        <member name="M:Microsoft.AspNet.Diagnostics.Resources.FormatRuntimeInfoPage_OperatingSystemFail">
            <summary>
            Could not determine the operating system.
            </summary>
        </member>
        <member name="P:Microsoft.AspNet.Diagnostics.Resources.RuntimeInfoPage_RuntimeArchitectureFail">
            <summary>
            Could not determine the runtime architecture.
            </summary>
        </member>
        <member name="M:Microsoft.AspNet.Diagnostics.Resources.FormatRuntimeInfoPage_RuntimeArchitectureFail">
            <summary>
            Could not determine the runtime architecture.
            </summary>
        </member>
        <member name="P:Microsoft.AspNet.Diagnostics.Resources.RuntimeInfoPage_RuntimeTypeFail">
            <summary>
            Could not determine the runtime type.
            </summary>
        </member>
        <member name="M:Microsoft.AspNet.Diagnostics.Resources.FormatRuntimeInfoPage_RuntimeTypeFail">
            <summary>
            Could not determine the runtime type.
            </summary>
        </member>
        <member name="P:Microsoft.AspNet.Diagnostics.Resources.RuntimeInfoPage_Environment">
            <summary>
            Environment:
            </summary>
        </member>
        <member name="M:Microsoft.AspNet.Diagnostics.Resources.FormatRuntimeInfoPage_Environment">
            <summary>
            Environment:
            </summary>
        </member>
        <member name="T:Microsoft.AspNet.Diagnostics.Views.BaseView">
            <summary>
            Infrastructure
            </summary>
        </member>
        <member name="P:Microsoft.AspNet.Diagnostics.Views.BaseView.Context">
            <summary>
            The request context
            </summary>
        </member>
        <member name="P:Microsoft.AspNet.Diagnostics.Views.BaseView.Request">
            <summary>
            The request
            </summary>
        </member>
        <member name="P:Microsoft.AspNet.Diagnostics.Views.BaseView.Response">
            <summary>
            The response
            </summary>
        </member>
        <member name="P:Microsoft.AspNet.Diagnostics.Views.BaseView.Output">
            <summary>
            The output stream
            </summary>
        </member>
        <member name="P:Microsoft.AspNet.Diagnostics.Views.BaseView.HtmlEncoder">
            <summary>
            Html encoder used to encode content.
            </summary>
        </member>
        <member name="M:Microsoft.AspNet.Diagnostics.Views.BaseView.ExecuteAsync(Microsoft.AspNet.Http.HttpContext)">
            <summary>
            Execute an individual request
            </summary>
            <param name="context"></param>
        </member>
        <member name="M:Microsoft.AspNet.Diagnostics.Views.BaseView.ExecuteAsync">
            <summary>
            Execute an individual request
            </summary>
        </member>
        <member name="M:Microsoft.AspNet.Diagnostics.Views.BaseView.WriteLiteral(System.String)">
            <summary>
            Write the given value directly to the output
            </summary>
            <param name="value"></param>
        </member>
        <member name="M:Microsoft.AspNet.Diagnostics.Views.BaseView.WriteLiteral(System.Object)">
            <summary>
            Write the given value directly to the output
            </summary>
            <param name="value"></param>
        </member>
        <member name="M:Microsoft.AspNet.Diagnostics.Views.BaseView.WriteAttribute(System.String,System.Tuple{System.String,System.Int32},System.Tuple{System.String,System.Int32},Microsoft.AspNet.Diagnostics.Views.AttributeValue[])">
            <summary>
            Writes the given attribute to the output
            </summary>
            <param name="name">The name of the attribute to write</param>
            <param name="leader">The value and position of the prefix</param>
            <param name="trailer">The value and position of the suffix</param>
            <param name="values">The <see cref="T:Microsoft.AspNet.Diagnostics.Views.AttributeValue"/>s to write.</param>
        </member>
        <member name="M:Microsoft.AspNet.Diagnostics.Views.BaseView.WriteAttributeTo(System.IO.TextWriter,System.String,System.Tuple{System.String,System.Int32},System.Tuple{System.String,System.Int32},Microsoft.AspNet.Diagnostics.Views.AttributeValue[])">
            <summary>
            Writes the given attribute to the given writer
            </summary>
            <param name="writer">The <see cref="T:System.IO.TextWriter"/> instance to write to.</param>
            <param name="name">The name of the attribute to write</param>
            <param name="leader">The value and position of the prefix</param>
            <param name="trailer">The value and position of the suffix</param>
            <param name="values">The <see cref="T:Microsoft.AspNet.Diagnostics.Views.AttributeValue"/>s to write.</param>
        </member>
        <member name="M:Microsoft.AspNet.Diagnostics.Views.BaseView.Write(System.Object)">
            <summary>
            Convert to string and html encode
            </summary>
            <param name="value"></param>
        </member>
        <member name="M:Microsoft.AspNet.Diagnostics.Views.BaseView.Write(System.String)">
            <summary>
            Html encode and write
            </summary>
            <param name="value"></param>
        </member>
        <member name="M:Microsoft.AspNet.Diagnostics.Views.BaseView.Write(Microsoft.AspNet.Diagnostics.Views.HelperResult)">
            <summary>
            <see cref="M:Microsoft.AspNet.Diagnostics.Views.HelperResult.WriteTo(System.IO.TextWriter)"/> is invoked
            </summary>
            <param name="result">The <see cref="T:Microsoft.AspNet.Diagnostics.Views.HelperResult"/> to invoke</param>
        </member>
        <member name="M:Microsoft.AspNet.Diagnostics.Views.BaseView.WriteTo(System.IO.TextWriter,System.Object)">
            <summary>
            Writes the specified <paramref name="value"/> to <paramref name="writer"/>.
            </summary>
            <param name="writer">The <see cref="T:System.IO.TextWriter"/> instance to write to.</param>
            <param name="value">The <see cref="T:System.Object"/> to write.</param>
            <remarks>
            <see cref="M:Microsoft.AspNet.Diagnostics.Views.HelperResult.WriteTo(System.IO.TextWriter)"/> is invoked for <see cref="T:Microsoft.AspNet.Diagnostics.Views.HelperResult"/> types.
            For all other types, the encoded result of <see cref="M:System.Object.ToString"/> is written to the
            <paramref name="writer"/>.
            </remarks>
        </member>
        <member name="M:Microsoft.AspNet.Diagnostics.Views.BaseView.WriteTo(System.IO.TextWriter,System.String)">
            <summary>
            Writes the specified <paramref name="value"/> with HTML encoding to <paramref name="writer"/>.
            </summary>
            <param name="writer">The <see cref="T:System.IO.TextWriter"/> instance to write to.</param>
            <param name="value">The <see cref="T:System.String"/> to write.</param>
        </member>
        <member name="M:Microsoft.AspNet.Diagnostics.Views.BaseView.WriteLiteralTo(System.IO.TextWriter,System.Object)">
            <summary>
            Writes the specified <paramref name="value"/> without HTML encoding to the <paramref name="writer"/>.
            </summary>
            <param name="writer">The <see cref="T:System.IO.TextWriter"/> instance to write to.</param>
            <param name="value">The <see cref="T:System.Object"/> to write.</param>
        </member>
        <member name="M:Microsoft.AspNet.Diagnostics.Views.BaseView.WriteLiteralTo(System.IO.TextWriter,System.String)">
            <summary>
            Writes the specified <paramref name="value"/> without HTML encoding to <see cref="P:Microsoft.AspNet.Diagnostics.Views.BaseView.Output"/>.
            </summary>
            <param name="value">The <see cref="T:System.String"/> to write.</param>
        </member>
        <member name="T:Microsoft.AspNet.Diagnostics.Views.CompilationErrorPageModel">
            <summary>
            Holds data to be displayed on the compilation error page.
            </summary>
        </member>
        <member name="P:Microsoft.AspNet.Diagnostics.Views.CompilationErrorPageModel.Options">
            <summary>
            Options for what output to display.
            </summary>
        </member>
        <member name="P:Microsoft.AspNet.Diagnostics.Views.CompilationErrorPageModel.ErrorDetails">
            <summary>
            Detailed information about each parse or compilation error.
            </summary>
        </member>
        <member name="T:Microsoft.AspNet.Diagnostics.Views.ErrorDetails">
            <summary>
            Contains details for individual exception messages.
            </summary>
        </member>
        <member name="P:Microsoft.AspNet.Diagnostics.Views.ErrorDetails.Error">
            <summary>
            An individual exception
            </summary>
        </member>
        <member name="P:Microsoft.AspNet.Diagnostics.Views.ErrorDetails.StackFrames">
            <summary>
            The generated stack frames
            </summary>
        </member>
        <member name="T:Microsoft.AspNet.Diagnostics.Views.ErrorPageModel">
            <summary>
            Holds data to be displayed on the error page.
            </summary>
        </member>
        <member name="P:Microsoft.AspNet.Diagnostics.Views.ErrorPageModel.Options">
            <summary>
            Options for what output to display.
            </summary>
        </member>
        <member name="P:Microsoft.AspNet.Diagnostics.Views.ErrorPageModel.ErrorDetails">
            <summary>
            Detailed information about each exception in the stack.
            </summary>
        </member>
        <member name="P:Microsoft.AspNet.Diagnostics.Views.ErrorPageModel.Query">
            <summary>
            Parsed query data.
            </summary>
        </member>
        <member name="P:Microsoft.AspNet.Diagnostics.Views.ErrorPageModel.Cookies">
            <summary>
            Request cookies.
            </summary>
        </member>
        <member name="P:Microsoft.AspNet.Diagnostics.Views.ErrorPageModel.Headers">
            <summary>
            Request headers.
            </summary>
        </member>
        <member name="T:Microsoft.AspNet.Diagnostics.Views.HelperResult">
            <summary>
            Represents a deferred write operation in a <see cref="T:Microsoft.AspNet.Diagnostics.Views.BaseView"/>.
            </summary>
        </member>
        <member name="M:Microsoft.AspNet.Diagnostics.Views.HelperResult.#ctor(System.Action{System.IO.TextWriter})">
            <summary>
            Creates a new instance of <see cref="T:Microsoft.AspNet.Diagnostics.Views.HelperResult"/>.
            </summary>
            <param name="action">The delegate to invoke when <see cref="M:Microsoft.AspNet.Diagnostics.Views.HelperResult.WriteTo(System.IO.TextWriter)"/> is called.</param>
        </member>
        <member name="M:Microsoft.AspNet.Diagnostics.Views.HelperResult.WriteTo(System.IO.TextWriter)">
            <summary>
            Method invoked to produce content from the <see cref="T:Microsoft.AspNet.Diagnostics.Views.HelperResult"/>.
            </summary>
            <param name="writer">The <see cref="T:System.IO.TextWriter"/> instance to write to.</param>
        </member>
        <member name="T:Microsoft.AspNet.Diagnostics.Views.StackFrame">
            <summary>
            Detailed exception stack information used to generate a view
            </summary>
        </member>
        <member name="P:Microsoft.AspNet.Diagnostics.Views.StackFrame.Function">
            <summary>
            Function containing instruction
            </summary>
        </member>
        <member name="P:Microsoft.AspNet.Diagnostics.Views.StackFrame.File">
            <summary>
            File containing the instruction
            </summary>
        </member>
        <member name="P:Microsoft.AspNet.Diagnostics.Views.StackFrame.Line">
            <summary>
            The line number of the instruction
            </summary>
        </member>
        <member name="P:Microsoft.AspNet.Diagnostics.Views.StackFrame.PreContextLine">
            <summary>
            The line preceeding the frame line
            </summary>
        </member>
        <member name="P:Microsoft.AspNet.Diagnostics.Views.StackFrame.PreContextCode">
            <summary>
            Lines of code before the actual error line(s).
            </summary>
        </member>
        <member name="P:Microsoft.AspNet.Diagnostics.Views.StackFrame.ContextCode">
            <summary>
            Line(s) of code responsible for the error.
            </summary>
        </member>
        <member name="P:Microsoft.AspNet.Diagnostics.Views.StackFrame.PostContextCode">
            <summary>
            Lines of code after the actual error line(s).
            </summary>
        </member>
        <member name="P:Microsoft.AspNet.Diagnostics.Views.StackFrame.ErrorDetails">
            <summary>
            Specific error details for this stack frame.
            </summary>
        </member>
        <member name="M:Microsoft.AspNet.Builder.ErrorHandlerExtensions.UseErrorHandler(Microsoft.AspNet.Builder.IApplicationBuilder,System.String)">
            <summary>
            Adds a middleware to the pipeline that will catch exceptions, log them, reset the request path, and re-execute the request.
            The request will not be re-executed if the response has already started.
            </summary>
            <param name="app"></param>
            <param name="errorHandlingPath"></param>
            <returns></returns>
        </member>
        <member name="M:Microsoft.AspNet.Builder.ErrorHandlerExtensions.UseErrorHandler(Microsoft.AspNet.Builder.IApplicationBuilder,System.Action{Microsoft.AspNet.Builder.IApplicationBuilder})">
            <summary>
            Adds a middleware to the pipeline that will catch exceptions, log them, and re-execute the request in an alternate pipeline.
            The request will not be re-executed if the response has already started.
            </summary>
            <param name="app"></param>
            <param name="configure"></param>
            <returns></returns>
        </member>
        <member name="T:Microsoft.AspNet.Builder.ErrorPageExtensions">
            <summary>
            IApplicationBuilder extension methods for the ErrorPageMiddleware.
            </summary>
        </member>
        <member name="M:Microsoft.AspNet.Builder.ErrorPageExtensions.UseErrorPage(Microsoft.AspNet.Builder.IApplicationBuilder)">
            <summary>
            Captures synchronous and asynchronous exceptions from the pipeline and generates HTML error responses.
            Full error details are only displayed by default if 'host.AppMode' is set to 'development' in the IApplicationBuilder.Properties.
            </summary>
            <param name="builder"></param>
            <returns></returns>
        </member>
        <member name="M:Microsoft.AspNet.Builder.ErrorPageExtensions.UseErrorPage(Microsoft.AspNet.Builder.IApplicationBuilder,Microsoft.AspNet.Diagnostics.ErrorPageOptions)">
            <summary>
            Captures synchronous and asynchronous exceptions from the pipeline and generates HTML error responses.
            Full error details are only displayed by default if 'host.AppMode' is set to 'development' in the IApplicationBuilder.Properties.
            </summary>
            <param name="builder"></param>
            <param name="options"></param>
            <returns></returns>
        </member>
        <member name="M:Microsoft.AspNet.Builder.StatusCodePagesExtensions.UseStatusCodePages(Microsoft.AspNet.Builder.IApplicationBuilder,Microsoft.AspNet.Diagnostics.StatusCodePagesOptions)">
            <summary>
            Adds a StatusCodePages middleware with the given options that checks for responses with status codes 
            between 400 and 599 that do not have a body.
            </summary>
            <param name="app"></param>
            <param name="options"></param>
            <returns></returns>
        </member>
        <member name="M:Microsoft.AspNet.Builder.StatusCodePagesExtensions.UseStatusCodePages(Microsoft.AspNet.Builder.IApplicationBuilder)">
            <summary>
            Adds a StatusCodePages middleware with a default response handler that checks for responses with status codes 
            between 400 and 599 that do not have a body.
            </summary>
            <param name="app"></param>
            <returns></returns>
        </member>
        <member name="M:Microsoft.AspNet.Builder.StatusCodePagesExtensions.UseStatusCodePages(Microsoft.AspNet.Builder.IApplicationBuilder,System.Func{Microsoft.AspNet.Diagnostics.StatusCodeContext,System.Threading.Tasks.Task})">
            <summary>
            Adds a StatusCodePages middleware with the specified handler that checks for responses with status codes 
            between 400 and 599 that do not have a body.
            </summary>
            <param name="app"></param>
            <param name="handler"></param>
            <returns></returns>
        </member>
        <member name="M:Microsoft.AspNet.Builder.StatusCodePagesExtensions.UseStatusCodePages(Microsoft.AspNet.Builder.IApplicationBuilder,System.String,System.String)">
            <summary>
            Adds a StatusCodePages middleware with the specified response body to send. This may include a '{0}' placeholder for the status code.
            The middleware checks for responses with status codes between 400 and 599 that do not have a body.
            </summary>
            <param name="app"></param>
            <param name="contentType"></param>
            <param name="bodyFormat"></param>
            <returns></returns>
        </member>
        <member name="M:Microsoft.AspNet.Builder.StatusCodePagesExtensions.UseStatusCodePagesWithRedirects(Microsoft.AspNet.Builder.IApplicationBuilder,System.String)">
            <summary>
            Adds a StatusCodePages middleware to the pipeine. Specifies that responses should be handled by redirecting 
            with the given location URL template. This may include a '{0}' placeholder for the status code. URLs starting 
            with '~' will have PathBase prepended, where any other URL will be used as is.
            </summary>
            <param name="app"></param>
            <param name="locationFormat"></param>
            <returns></returns>
        </member>
        <member name="M:Microsoft.AspNet.Builder.StatusCodePagesExtensions.UseStatusCodePages(Microsoft.AspNet.Builder.IApplicationBuilder,System.Action{Microsoft.AspNet.Builder.IApplicationBuilder})">
            <summary>
            Adds a StatusCodePages middleware to the pipeline with the specified alternate middleware pipeline to execute 
            to generate the response body.
            </summary>
            <param name="app"></param>
            <param name="configuration"></param>
            <returns></returns>
        </member>
        <member name="M:Microsoft.AspNet.Builder.StatusCodePagesExtensions.UseStatusCodePagesWithReExecute(Microsoft.AspNet.Builder.IApplicationBuilder,System.String)">
            <summary>
            Adds a StatusCodePages middleware to the pipeline. Specifies that the response body should be generated by 
            re-executing the request pipeline using an alternate path. This path may contain a '{0}' placeholder of the status code.
            </summary>
            <param name="app"></param>
            <param name="pathFormat"></param>
            <returns></returns>
        </member>
        <member name="T:Microsoft.AspNet.Builder.WelcomePageExtensions">
            <summary>
            IApplicationBuilder extensions for the WelcomePageMiddleware.
            </summary>
        </member>
        <member name="M:Microsoft.AspNet.Builder.WelcomePageExtensions.UseWelcomePage(Microsoft.AspNet.Builder.IApplicationBuilder,Microsoft.AspNet.Diagnostics.WelcomePageOptions)">
            <summary>
            Adds the WelcomePageMiddleware to the pipeline with the given options.
            </summary>
            <param name="builder"></param>
            <param name="options"></param>
            <returns></returns>
        </member>
        <member name="M:Microsoft.AspNet.Builder.WelcomePageExtensions.UseWelcomePage(Microsoft.AspNet.Builder.IApplicationBuilder,Microsoft.AspNet.Http.PathString)">
            <summary>
            Adds the WelcomePageMiddleware to the pipeline with the given path.
            </summary>
            <param name="builder"></param>
            <param name="path"></param>
            <returns></returns>
        </member>
        <member name="M:Microsoft.AspNet.Builder.WelcomePageExtensions.UseWelcomePage(Microsoft.AspNet.Builder.IApplicationBuilder,System.String)">
            <summary>
            Adds the WelcomePageMiddleware to the pipeline with the given path.
            </summary>
            <param name="builder"></param>
            <param name="path"></param>
            <returns></returns>
        </member>
        <member name="M:Microsoft.AspNet.Builder.WelcomePageExtensions.UseWelcomePage(Microsoft.AspNet.Builder.IApplicationBuilder)">
            <summary>
            Adds the WelcomePageMiddleware to the pipeline.
            </summary>
            <param name="builder"></param>
            <returns></returns>
        </member>
    </members>
</doc>
