<?xml version="1.0"?>
<doc>
    <assembly>
        <name>Microsoft.AspNet.Server.Kestrel</name>
    </assembly>
    <members>
        <member name="T:Microsoft.AspNet.Server.Kestrel.ServerFactory">
            <summary>
            Summary description for ServerFactory
            </summary>
        </member>
        <member name="M:Microsoft.AspNet.Server.Kestrel.Http.IMemoryPool.AllocSegment(System.Int32)">
            <summary>
              Acquires a sub-segment of a larger memory allocation. Used for async sends of write-behind
              buffers to reduce number of array segments pinned
            </summary>
            <param name = "minimumSize">The smallest length of the ArraySegment.Count that may be returned</param>
            <returns>An array segment which is a sub-block of a larger allocation</returns>
        </member>
        <member name="M:Microsoft.AspNet.Server.Kestrel.Http.IMemoryPool.FreeSegment(System.ArraySegment{System.Byte})">
            <summary>
              Frees a sub-segment of a larger memory allocation produced by AllocSegment. The original ArraySegment
              must be frees exactly once and must have the same offset and count that was returned by the Alloc.
              If a segment is not freed it won't be re-used and has the same effect as a memory leak, so callers must be
              implemented exactly correctly.
            </summary>
            <param name = "segment">The sub-block that was originally returned by a call to AllocSegment.</param>
        </member>
        <member name="T:Microsoft.AspNet.Server.Kestrel.Http.ISocketOutput">
            <summary>
              Operations performed for buffered socket output
            </summary>
        </member>
        <member name="T:Microsoft.AspNet.Server.Kestrel.Http.Listener">
            <summary>
            Summary description for Accept
            </summary>
        </member>
        <member name="T:Microsoft.AspNet.Server.Kestrel.Http.MessageBody.ForChunkedEncoding">
            <summary>
              http://tools.ietf.org/html/rfc2616#section-3.6.1
            </summary>
        </member>
        <member name="T:Microsoft.AspNet.Server.Kestrel.Http.MessageBodyExchanger">
            <summary>
            Summary description for MessageBodyExchanger
            </summary>
        </member>
        <member name="T:Microsoft.AspNet.Server.Kestrel.Disposable">
            <summary>
            Summary description for Disposable
            </summary>
        </member>
        <member name="T:Microsoft.AspNet.Server.Kestrel.KestrelThread">
            <summary>
            Summary description for KestrelThread
            </summary>
        </member>
        <member name="T:Microsoft.AspNet.Server.Kestrel.KestrelTrace">
            <summary>
            Summary description for KestrelTrace
            </summary>
        </member>
        <member name="T:Microsoft.AspNet.Server.Kestrel.Networking.UvConnectRequest">
            <summary>
            Summary description for UvWriteRequest
            </summary>
        </member>
        <member name="T:Microsoft.AspNet.Server.Kestrel.Networking.UvMemory">
            <summary>
            Summary description for UvMemory
            </summary>
        </member>
        <member name="T:Microsoft.AspNet.Server.Kestrel.Networking.UvShutdownReq">
            <summary>
            Summary description for UvShutdownRequest
            </summary>
        </member>
        <member name="T:Microsoft.AspNet.Server.Kestrel.Networking.UvWriteReq">
            <summary>
            Summary description for UvWriteRequest
            </summary>
        </member>
    </members>
</doc>
