<?xml version="1.0"?>
<doc>
    <assembly>
        <name>Microsoft.AspNet.Mvc.Localization</name>
    </assembly>
    <members>
        <member name="T:Microsoft.AspNet.Mvc.Localization.HtmlLocalizer">
            <summary>
            An <see cref="T:Microsoft.AspNet.Mvc.Localization.IHtmlLocalizer"/> that uses the <see cref="T:Microsoft.Framework.Localization.IStringLocalizer"/> to provide localized HTML content.
            This service just encodes the arguments but not the resource string.
            </summary>
        </member>
        <member name="M:Microsoft.AspNet.Mvc.Localization.HtmlLocalizer.#ctor(Microsoft.Framework.Localization.IStringLocalizer,Microsoft.Framework.WebEncoders.IHtmlEncoder)">
            <summary>
            Creates a new <see cref="T:Microsoft.AspNet.Mvc.Localization.HtmlLocalizer"/>.
            </summary>
            <param name="localizer">The <see cref="T:Microsoft.Framework.Localization.IStringLocalizer"/> to read strings from.</param>
            <param name="encoder">The <see cref="T:Microsoft.Framework.WebEncoders.IHtmlEncoder"/>.</param>
        </member>
        <member name="P:Microsoft.AspNet.Mvc.Localization.HtmlLocalizer.Item(System.String)">
            <inheritdoc />
        </member>
        <member name="P:Microsoft.AspNet.Mvc.Localization.HtmlLocalizer.Item(System.String,System.Object[])">
            <inheritdoc />
        </member>
        <member name="M:Microsoft.AspNet.Mvc.Localization.HtmlLocalizer.WithCulture(System.Globalization.CultureInfo)">
            <summary>
            Creates a new <see cref="T:Microsoft.AspNet.Mvc.Localization.IHtmlLocalizer"/> for a specific <see cref="T:System.Globalization.CultureInfo"/>.
            </summary>
            <param name="culture">The <see cref="T:System.Globalization.CultureInfo"/> to use.</param>
            <returns>A culture-specific <see cref="T:Microsoft.AspNet.Mvc.Localization.IHtmlLocalizer"/>.</returns>
        </member>
        <member name="M:Microsoft.AspNet.Mvc.Localization.HtmlLocalizer.Microsoft#Framework#Localization#IStringLocalizer#WithCulture(System.Globalization.CultureInfo)">
            <summary>
            Creates a new <see cref="T:Microsoft.Framework.Localization.IStringLocalizer"/> for a specific <see cref="T:System.Globalization.CultureInfo"/>.
            </summary>
            <param name="culture">The <see cref="T:System.Globalization.CultureInfo"/> to use.</param>
            <returns>A culture-specific <see cref="T:Microsoft.Framework.Localization.IStringLocalizer"/>.</returns>
        </member>
        <member name="M:Microsoft.AspNet.Mvc.Localization.HtmlLocalizer.GetString(System.String)">
            <inheritdoc />
        </member>
        <member name="M:Microsoft.AspNet.Mvc.Localization.HtmlLocalizer.GetString(System.String,System.Object[])">
            <inheritdoc />
        </member>
        <member name="M:Microsoft.AspNet.Mvc.Localization.HtmlLocalizer.GetAllStrings(System.Boolean)">
            <inheritdoc />
        </member>
        <member name="M:Microsoft.AspNet.Mvc.Localization.HtmlLocalizer.Html(System.String)">
            <inheritdoc />
        </member>
        <member name="M:Microsoft.AspNet.Mvc.Localization.HtmlLocalizer.Html(System.String,System.Object[])">
            <inheritdoc />
        </member>
        <member name="M:Microsoft.AspNet.Mvc.Localization.HtmlLocalizer.ToHtmlString(Microsoft.Framework.Localization.LocalizedString)">
            <summary>
            Creates a new <see cref="T:Microsoft.AspNet.Mvc.Localization.LocalizedHtmlString"/> for a <see cref="T:Microsoft.Framework.Localization.LocalizedString"/>.
            </summary>
            <param name="result">The <see cref="T:Microsoft.Framework.Localization.LocalizedString"/>.</param>
        </member>
        <member name="M:Microsoft.AspNet.Mvc.Localization.HtmlLocalizer.EncodeArguments(System.String,System.Object[])">
            <summary>
            Encodes the arguments based on the object type.
            </summary>
            <param name="resourceString">The resourceString whose arguments need to be encoded.</param>
            <param name="arguments">The array of objects to encode.</param>
            <returns>The string with encoded arguments.</returns>
        </member>
        <member name="T:Microsoft.AspNet.Mvc.Localization.HtmlLocalizerFactory">
            <summary>
            An <see cref="T:Microsoft.AspNet.Mvc.Localization.IHtmlLocalizerFactory"/> that creates instances of <see cref="T:Microsoft.AspNet.Mvc.Localization.HtmlLocalizer"/>.
            </summary>
        </member>
        <member name="M:Microsoft.AspNet.Mvc.Localization.HtmlLocalizerFactory.#ctor(Microsoft.Framework.Localization.IStringLocalizerFactory,Microsoft.Framework.WebEncoders.IHtmlEncoder)">
            <summary>
            Creates a new <see cref="T:Microsoft.AspNet.Mvc.Localization.HtmlLocalizer"/>.
            </summary>
            <param name="localizerFactory">The <see cref="T:Microsoft.Framework.Localization.IStringLocalizerFactory"/>.</param>
            <param name="encoder">The <see cref="T:Microsoft.Framework.WebEncoders.IHtmlEncoder"/>.</param>
        </member>
        <member name="M:Microsoft.AspNet.Mvc.Localization.HtmlLocalizerFactory.Create(System.Type)">
            <summary>
            Creates an <see cref="T:Microsoft.AspNet.Mvc.Localization.HtmlLocalizer"/> using the <see cref="T:System.Reflection.Assembly"/> and
            <see cref="P:System.Type.FullName"/> of the specified <see cref="T:System.Type"/>.
            </summary>
            <param name="resourceSource">The <see cref="T:System.Type"/>.</param>
            <returns>The <see cref="T:Microsoft.AspNet.Mvc.Localization.HtmlLocalizer"/>.</returns>
        </member>
        <member name="M:Microsoft.AspNet.Mvc.Localization.HtmlLocalizerFactory.Create(System.String,System.String)">
            <summary>
            Creates an <see cref="T:Microsoft.AspNet.Mvc.Localization.HtmlLocalizer"/>.
            </summary>
            <param name="baseName">The base name of the resource to load strings from.</param>
            <param name="location">The location to load resources from.</param>
            <returns>The <see cref="T:Microsoft.AspNet.Mvc.Localization.HtmlLocalizer"/>.</returns>
        </member>
        <member name="T:Microsoft.AspNet.Mvc.Localization.HtmlLocalizer`1">
            <summary>
            This is an <see cref="T:Microsoft.AspNet.Mvc.Localization.HtmlLocalizer"/> that provides localized HTML content.
            </summary>
            <typeparam name = "TResource"> The <see cref="T:System.Type"/> to scope the resource names.</typeparam>
        </member>
        <member name="M:Microsoft.AspNet.Mvc.Localization.HtmlLocalizer`1.#ctor(Microsoft.AspNet.Mvc.Localization.IHtmlLocalizerFactory)">
            <summary>
            Creates a new <see cref="T:Microsoft.AspNet.Mvc.Localization.HtmlLocalizer"/>.
            </summary>
            <param name="factory">The <see cref="T:Microsoft.AspNet.Mvc.Localization.IHtmlLocalizerFactory"/>.</param>
        </member>
        <member name="P:Microsoft.AspNet.Mvc.Localization.HtmlLocalizer`1.Item(System.String)">
            <inheritdoc />
        </member>
        <member name="P:Microsoft.AspNet.Mvc.Localization.HtmlLocalizer`1.Item(System.String,System.Object[])">
            <inheritdoc />
        </member>
        <member name="M:Microsoft.AspNet.Mvc.Localization.HtmlLocalizer`1.WithCulture(System.Globalization.CultureInfo)">
            <inheritdoc />
        </member>
        <member name="M:Microsoft.AspNet.Mvc.Localization.HtmlLocalizer`1.Microsoft#Framework#Localization#IStringLocalizer#WithCulture(System.Globalization.CultureInfo)">
            <inheritdoc />
        </member>
        <member name="M:Microsoft.AspNet.Mvc.Localization.HtmlLocalizer`1.GetString(System.String)">
            <inheritdoc />
        </member>
        <member name="M:Microsoft.AspNet.Mvc.Localization.HtmlLocalizer`1.GetString(System.String,System.Object[])">
            <inheritdoc />
        </member>
        <member name="M:Microsoft.AspNet.Mvc.Localization.HtmlLocalizer`1.Html(System.String)">
            <inheritdoc />
        </member>
        <member name="M:Microsoft.AspNet.Mvc.Localization.HtmlLocalizer`1.Html(System.String,System.Object[])">
            <inheritdoc />
        </member>
        <member name="M:Microsoft.AspNet.Mvc.Localization.HtmlLocalizer`1.GetAllStrings(System.Boolean)">
            <inheritdoc />
        </member>
        <member name="T:Microsoft.AspNet.Mvc.Localization.IHtmlLocalizer">
            <summary>
            This service does not HTML encode the resource string. It HTML encodes all arguments that are formatted in
            the resource string.
            </summary>
        </member>
        <member name="M:Microsoft.AspNet.Mvc.Localization.IHtmlLocalizer.WithCulture(System.Globalization.CultureInfo)">
            <summary>
            Creates a new <see cref="T:Microsoft.AspNet.Mvc.Localization.HtmlLocalizer"/> for a specific <see cref="T:System.Globalization.CultureInfo"/>.
            </summary>
            <param name="culture">The <see cref="T:System.Globalization.CultureInfo"/> to use.</param>
            <returns>A culture-specific <see cref="T:Microsoft.AspNet.Mvc.Localization.IHtmlLocalizer"/>.</returns>
        </member>
        <member name="M:Microsoft.AspNet.Mvc.Localization.IHtmlLocalizer.Html(System.String)">
            <summary>
            Gets the <see cref="T:Microsoft.AspNet.Mvc.Localization.LocalizedHtmlString"/> resource for a specific key.
            </summary>
            <param name="key">The key to use.</param>
            <returns>The <see cref="T:Microsoft.AspNet.Mvc.Localization.LocalizedHtmlString"/> resource.</returns>
        </member>
        <member name="M:Microsoft.AspNet.Mvc.Localization.IHtmlLocalizer.Html(System.String,System.Object[])">
            <summary>
            Gets the <see cref="T:Microsoft.AspNet.Mvc.Localization.LocalizedHtmlString"/> resource for a specific key.
            </summary>
            <param name="key">The key to use.</param>
            <param name="arguments">The values to format the string with.</param>
            <returns>The <see cref="T:Microsoft.AspNet.Mvc.Localization.LocalizedHtmlString"/> resource.</returns>
        </member>
        <member name="T:Microsoft.AspNet.Mvc.Localization.IHtmlLocalizerFactory">
            <summary>
            A factory that creates <see cref="T:Microsoft.AspNet.Mvc.Localization.IHtmlLocalizer"/> instances.
            </summary>
        </member>
        <member name="M:Microsoft.AspNet.Mvc.Localization.IHtmlLocalizerFactory.Create(System.Type)">
            <summary>
            Creates an <see cref="T:Microsoft.AspNet.Mvc.Localization.IHtmlLocalizer"/> using the <see cref="T:System.Reflection.Assembly"/> and
            <see cref="P:System.Type.FullName"/> of the specified <see cref="T:System.Type"/>.
            </summary>
            <param name="resourceSource">The <see cref="T:System.Type"/>.</param>
            <returns>The <see cref="T:Microsoft.AspNet.Mvc.Localization.IHtmlLocalizer"/>.</returns>
        </member>
        <member name="M:Microsoft.AspNet.Mvc.Localization.IHtmlLocalizerFactory.Create(System.String,System.String)">
            <summary>
            Creates an <see cref="T:Microsoft.AspNet.Mvc.Localization.IHtmlLocalizer"/>.
            </summary>
            <param name="baseName">The base name of the resource to load strings from.</param>
            <param name="location">The location to load resources from.</param>
            <returns>The <see cref="T:Microsoft.AspNet.Mvc.Localization.IHtmlLocalizer"/>.</returns>
        </member>
        <member name="T:Microsoft.AspNet.Mvc.Localization.IHtmlLocalizer`1">
            <summary>
            An <see cref="T:Microsoft.AspNet.Mvc.Localization.IHtmlLocalizer"/> that provides localized HTML content.
            </summary>
            <typeparam name = "TResource"> The <see cref="T:System.Type"/> to scope the resource names.</typeparam>
        </member>
        <member name="T:Microsoft.AspNet.Mvc.Localization.IViewLocalizer">
            <summary>
            A service that provides localized strings for views.
            </summary>
        </member>
        <member name="T:Microsoft.AspNet.Mvc.Localization.LocalizedHtmlString">
            <summary>
            An <see cref="T:Microsoft.AspNet.Mvc.Rendering.HtmlString"/> with localized content.
            </summary>
        </member>
        <member name="M:Microsoft.AspNet.Mvc.Localization.LocalizedHtmlString.#ctor(System.String,System.String)">
            <summary>
            Creates an instance of <see cref="T:Microsoft.AspNet.Mvc.Localization.LocalizedHtmlString"/>.
            </summary>
            <param name="key">The name of the string resource.</param>
            <param name="value">The string resource.</param>
        </member>
        <member name="M:Microsoft.AspNet.Mvc.Localization.LocalizedHtmlString.#ctor(System.String,System.String,System.Boolean)">
            <summary>
            Creates an instance of <see cref="T:Microsoft.AspNet.Mvc.Localization.LocalizedHtmlString"/>.
            </summary>
            <param name="key">The name of the string resource.</param>
            <param name="value">The string resource.</param>
            <param name="isResourceNotFound">A flag that indicates if the resource is not found.</param>
        </member>
        <member name="P:Microsoft.AspNet.Mvc.Localization.LocalizedHtmlString.Key">
            <summary>
            The name of the string resource.
            </summary>
        </member>
        <member name="P:Microsoft.AspNet.Mvc.Localization.LocalizedHtmlString.Value">
            <summary>
            The string resource.
            </summary>
        </member>
        <member name="P:Microsoft.AspNet.Mvc.Localization.LocalizedHtmlString.IsResourceNotFound">
            <summary>
            Gets a flag that indicates if the resource is not found.
            </summary>
        </member>
        <member name="T:Microsoft.AspNet.Mvc.Localization.ViewLocalizer">
            <summary>
            A <see cref="T:Microsoft.AspNet.Mvc.Localization.HtmlLocalizer"/> that provides localized strings for views.
            </summary>
        </member>
        <member name="M:Microsoft.AspNet.Mvc.Localization.ViewLocalizer.#ctor(Microsoft.AspNet.Mvc.Localization.IHtmlLocalizerFactory,Microsoft.Dnx.Runtime.IApplicationEnvironment)">
            <summary>
            Creates a new <see cref="T:Microsoft.AspNet.Mvc.Localization.ViewLocalizer"/>.
            </summary>
            <param name="localizerFactory">The <see cref="T:Microsoft.AspNet.Mvc.Localization.IHtmlLocalizerFactory"/>.</param>
            <param name="applicationEnvironment">The <see cref="T:Microsoft.Dnx.Runtime.IApplicationEnvironment"/>.</param>
        </member>
        <member name="P:Microsoft.AspNet.Mvc.Localization.ViewLocalizer.Item(System.String)">
            <inheritdoc />
        </member>
        <member name="P:Microsoft.AspNet.Mvc.Localization.ViewLocalizer.Item(System.String,System.Object[])">
            <inheritdoc />
        </member>
        <member name="M:Microsoft.AspNet.Mvc.Localization.ViewLocalizer.GetString(System.String)">
            <inheritdoc />
        </member>
        <member name="M:Microsoft.AspNet.Mvc.Localization.ViewLocalizer.GetString(System.String,System.Object[])">
            <inheritdoc />
        </member>
        <member name="M:Microsoft.AspNet.Mvc.Localization.ViewLocalizer.Html(System.String)">
            <inheritdoc />
        </member>
        <member name="M:Microsoft.AspNet.Mvc.Localization.ViewLocalizer.Html(System.String,System.Object[])">
            <inheritdoc />
        </member>
        <member name="M:Microsoft.AspNet.Mvc.Localization.ViewLocalizer.WithCulture(System.Globalization.CultureInfo)">
            <inheritdoc />
        </member>
        <member name="M:Microsoft.AspNet.Mvc.Localization.ViewLocalizer.Microsoft#AspNet#Mvc#Localization#IHtmlLocalizer#WithCulture(System.Globalization.CultureInfo)">
            <inheritdoc />
        </member>
        <member name="M:Microsoft.AspNet.Mvc.Localization.ViewLocalizer.GetAllStrings(System.Boolean)">
            <inheritdoc />
        </member>
        <member name="P:Microsoft.AspNet.Mvc.Localization.Resources.NullStringLocalizer">
            <summary>
            Must call CreateStringLocalizer method before using this property.
            </summary>
        </member>
        <member name="M:Microsoft.AspNet.Mvc.Localization.Resources.FormatNullStringLocalizer">
            <summary>
            Must call CreateStringLocalizer method before using this property.
            </summary>
        </member>
        <member name="P:Microsoft.AspNet.Mvc.Localization.Resources.NullStringLocalizerFactory">
            <summary>
            IStringLocalizerFactory is null. Must call other constructor overload to use this property.
            </summary>
        </member>
        <member name="M:Microsoft.AspNet.Mvc.Localization.Resources.FormatNullStringLocalizerFactory">
            <summary>
            IStringLocalizerFactory is null. Must call other constructor overload to use this property.
            </summary>
        </member>
        <member name="T:Microsoft.Framework.DependencyInjection.MvcLocalizationMvcBuilderExtensions">
            <summary>
            Extension methods for configuring MVC view localization.
            </summary>
        </member>
        <member name="M:Microsoft.Framework.DependencyInjection.MvcLocalizationMvcBuilderExtensions.AddViewLocalization(Microsoft.Framework.DependencyInjection.IMvcBuilder)">
            <summary>
            Adds MVC localization to the application.
            </summary>
            <param name="builder">The <see cref="T:Microsoft.Framework.DependencyInjection.IMvcBuilder"/>.</param>
            <returns>The <see cref="T:Microsoft.Framework.DependencyInjection.IMvcBuilder"/>.</returns>
        </member>
        <member name="M:Microsoft.Framework.DependencyInjection.MvcLocalizationMvcBuilderExtensions.AddViewLocalization(Microsoft.Framework.DependencyInjection.IMvcBuilder,Microsoft.AspNet.Mvc.Razor.LanguageViewLocationExpanderFormat)">
            <summary>
             Adds MVC localization to the application.
            </summary>
            <param name="builder">The <see cref="T:Microsoft.Framework.DependencyInjection.IMvcBuilder"/>.</param>
            <param name="format">The view format for localized views.</param>
            <returns>The <see cref="T:Microsoft.Framework.DependencyInjection.IMvcBuilder"/>.</returns>
        </member>
        <member name="T:Microsoft.Framework.DependencyInjection.MvcLocalizationMvcCoreBuilderExtensions">
            <summary>
            Extension methods for configuring MVC view localization.
            </summary>
        </member>
        <member name="M:Microsoft.Framework.DependencyInjection.MvcLocalizationMvcCoreBuilderExtensions.AddViewLocalization(Microsoft.Framework.DependencyInjection.IMvcCoreBuilder)">
            <summary>
            Adds MVC localization to the application.
            </summary>
            <param name="builder">The <see cref="T:Microsoft.Framework.DependencyInjection.IMvcBuilder"/>.</param>
            <returns>The <see cref="T:Microsoft.Framework.DependencyInjection.IMvcBuilder"/>.</returns>
            <remarks>
            Adding localization also adds support for views via
            <see cref="M:Microsoft.Framework.DependencyInjection.MvcViewFeaturesMvcCoreBuilderExtensions.AddViews(Microsoft.Framework.DependencyInjection.IMvcCoreBuilder)"/> and the Razor view engine
            via <see cref="M:Microsoft.Framework.DependencyInjection.MvcRazorMvcCoreBuilderExtensions.AddRazorViewEngine(Microsoft.Framework.DependencyInjection.IMvcCoreBuilder)"/>.
            </remarks>
        </member>
        <member name="M:Microsoft.Framework.DependencyInjection.MvcLocalizationMvcCoreBuilderExtensions.AddViewLocalization(Microsoft.Framework.DependencyInjection.IMvcCoreBuilder,Microsoft.AspNet.Mvc.Razor.LanguageViewLocationExpanderFormat)">
            <summary>
             Adds MVC localization to the application.
            </summary>
            <param name="builder">The <see cref="T:Microsoft.Framework.DependencyInjection.IMvcBuilder"/>.</param>
            <param name="format">The view format for localized views.</param>
            <returns>The <see cref="T:Microsoft.Framework.DependencyInjection.IMvcBuilder"/>.</returns>
            <remarks>
            Adding localization also adds support for views via
            <see cref="M:Microsoft.Framework.DependencyInjection.MvcViewFeaturesMvcCoreBuilderExtensions.AddViews(Microsoft.Framework.DependencyInjection.IMvcCoreBuilder)"/> and the Razor view engine
            via <see cref="M:Microsoft.Framework.DependencyInjection.MvcRazorMvcCoreBuilderExtensions.AddRazorViewEngine(Microsoft.Framework.DependencyInjection.IMvcCoreBuilder)"/>.
            </remarks>
        </member>
        <member name="M:Microsoft.Framework.Internal.PropertyHelper.#ctor(System.Reflection.PropertyInfo)">
            <summary>
            Initializes a fast <see cref="T:Microsoft.Framework.Internal.PropertyHelper"/>.
            This constructor does not cache the helper. For caching, use <see cref="M:Microsoft.Framework.Internal.PropertyHelper.GetProperties(System.Object)"/>.
            </summary>
        </member>
        <member name="P:Microsoft.Framework.Internal.PropertyHelper.Property">
            <summary>
            Gets the backing <see cref="T:System.Reflection.PropertyInfo"/>.
            </summary>
        </member>
        <member name="P:Microsoft.Framework.Internal.PropertyHelper.Name">
            <summary>
            Gets (or sets in derived types) the property name.
            </summary>
        </member>
        <member name="P:Microsoft.Framework.Internal.PropertyHelper.ValueGetter">
            <summary>
            Gets the property value getter.
            </summary>
        </member>
        <member name="P:Microsoft.Framework.Internal.PropertyHelper.ValueSetter">
            <summary>
            Gets the property value setter.
            </summary>
        </member>
        <member name="M:Microsoft.Framework.Internal.PropertyHelper.GetValue(System.Object)">
            <summary>
            Returns the property value for the specified <paramref name="instance"/>.
            </summary>
            <param name="instance">The object whose property value will be returned.</param>
            <returns>The property value.</returns>
        </member>
        <member name="M:Microsoft.Framework.Internal.PropertyHelper.SetValue(System.Object,System.Object)">
            <summary>
            Sets the property value for the specified <paramref name="instance" />.
            </summary>
            <param name="instance">The object whose property value will be set.</param>
            <param name="value">The property value.</param>
        </member>
        <member name="M:Microsoft.Framework.Internal.PropertyHelper.GetProperties(System.Object)">
            <summary>
            Creates and caches fast property helpers that expose getters for every public get property on the
            underlying type.
            </summary>
            <param name="instance">the instance to extract property accessors for.</param>
            <returns>a cached array of all public property getters from the underlying type of target instance.
            </returns>
        </member>
        <member name="M:Microsoft.Framework.Internal.PropertyHelper.GetProperties(System.Type)">
            <summary>
            Creates and caches fast property helpers that expose getters for every public get property on the
            specified type.
            </summary>
            <param name="type">the type to extract property accessors for.</param>
            <returns>a cached array of all public property getters from the type of target instance.
            </returns>
        </member>
        <member name="M:Microsoft.Framework.Internal.PropertyHelper.GetVisibleProperties(System.Object)">
            <summary>
            <para>
            Creates and caches fast property helpers that expose getters for every non-hidden get property
            on the specified type.
            </para>
            <para>
            <see cref="M:Microsoft.Framework.Internal.PropertyHelper.GetVisibleProperties(System.Object)"/> excludes properties defined on base types that have been
            hidden by definitions using the <c>new</c> keyword.
            </para>
            </summary>
            <param name="instance">The instance to extract property accessors for.</param>
            <returns>
            A cached array of all public property getters from the instance's type.
            </returns>
        </member>
        <member name="M:Microsoft.Framework.Internal.PropertyHelper.GetVisibleProperties(System.Type)">
            <summary>
            <para>
            Creates a caches fast property helpers that expose getters for every non-hidden get property
            on the specified type.
            </para>
            <para>
            <see cref="M:Microsoft.Framework.Internal.PropertyHelper.GetVisibleProperties(System.Object)"/> excludes properties defined on base types that have been
            hidden by definitions using the <c>new</c> keyword.
            </para>
            </summary>
            <param name="type">The type to extract property accessors for.</param>
            <returns>
            A cached array of all public property getters from the type.
            </returns>
        </member>
        <member name="M:Microsoft.Framework.Internal.PropertyHelper.MakeFastPropertyGetter(System.Reflection.PropertyInfo)">
            <summary>
            Creates a single fast property getter. The result is not cached.
            </summary>
            <param name="propertyInfo">propertyInfo to extract the getter for.</param>
            <returns>a fast getter.</returns>
            <remarks>
            This method is more memory efficient than a dynamically compiled lambda, and about the
            same speed.
            </remarks>
        </member>
        <member name="M:Microsoft.Framework.Internal.PropertyHelper.MakeNullSafeFastPropertyGetter(System.Reflection.PropertyInfo)">
            <summary>
            Creates a single fast property getter which is safe for a null input object. The result is not cached.
            </summary>
            <param name="propertyInfo">propertyInfo to extract the getter for.</param>
            <returns>a fast getter.</returns>
            <remarks>
            This method is more memory efficient than a dynamically compiled lambda, and about the
            same speed.
            </remarks>
        </member>
        <member name="M:Microsoft.Framework.Internal.PropertyHelper.MakeFastPropertySetter(System.Reflection.PropertyInfo)">
            <summary>
            Creates a single fast property setter for reference types. The result is not cached.
            </summary>
            <param name="propertyInfo">propertyInfo to extract the setter for.</param>
            <returns>a fast getter.</returns>
            <remarks>
            This method is more memory efficient than a dynamically compiled lambda, and about the
            same speed. This only works for reference types.
            </remarks>
        </member>
        <member name="M:Microsoft.Framework.Internal.PropertyHelper.ObjectToDictionary(System.Object)">
             <summary>
             Given an object, adds each instance property with a public get method as a key and its
             associated value to a dictionary.
            
             If the object is already an <see cref="T:System.Collections.Generic.IDictionary`2"/> instance, then a copy
             is returned.
             </summary>
             <remarks>
             The implementation of PropertyHelper will cache the property accessors per-type. This is
             faster when the the same type is used multiple times with ObjectToDictionary.
             </remarks>
        </member>
    </members>
</doc>
