<?xml version="1.0"?>
<doc>
    <assembly>
        <name>Microsoft.AspNet.Html.Abstractions</name>
    </assembly>
    <members>
        <member name="T:Microsoft.AspNet.Html.Abstractions.IHtmlContent">
            <summary>
            HTML content which can be written to a TextWriter.
            </summary>
        </member>
        <member name="M:Microsoft.AspNet.Html.Abstractions.IHtmlContent.WriteTo(System.IO.TextWriter,Microsoft.Framework.WebEncoders.IHtmlEncoder)">
            <summary>
            Writes the content by encoding it with the specified <paramref name="encoder"/>
            to the specified <paramref name="writer"/>.
            </summary>
            <param name="writer">The <see cref="T:System.IO.TextWriter"/> to which the content is written.</param>
            <param name="encoder">The <see cref="T:Microsoft.Framework.WebEncoders.IHtmlEncoder"/> which encodes the content to be written.</param>
        </member>
    </members>
</doc>
