<?xml version="1.0"?>
<doc>
    <assembly>
        <name>Microsoft.AspNet.Cors.Core</name>
    </assembly>
    <members>
        <member name="T:Microsoft.AspNet.Cors.Core.CorsConstants">
            <summary>
            CORS-related constants.
            </summary>
        </member>
        <member name="F:Microsoft.AspNet.Cors.Core.CorsConstants.PreflightHttpMethod">
            <summary>
            The HTTP method for the CORS preflight request.
            </summary>
        </member>
        <member name="F:Microsoft.AspNet.Cors.Core.CorsConstants.Origin">
            <summary>
            The Origin request header.
            </summary>
        </member>
        <member name="F:Microsoft.AspNet.Cors.Core.CorsConstants.AnyOrigin">
            <summary>
            The value for the Access-Control-Allow-Origin response header to allow all origins.
            </summary>
        </member>
        <member name="F:Microsoft.AspNet.Cors.Core.CorsConstants.AccessControlRequestMethod">
            <summary>
            The Access-Control-Request-Method request header.
            </summary>
        </member>
        <member name="F:Microsoft.AspNet.Cors.Core.CorsConstants.AccessControlRequestHeaders">
            <summary>
            The Access-Control-Request-Headers request header.
            </summary>
        </member>
        <member name="F:Microsoft.AspNet.Cors.Core.CorsConstants.AccessControlAllowOrigin">
            <summary>
            The Access-Control-Allow-Origin response header.
            </summary>
        </member>
        <member name="F:Microsoft.AspNet.Cors.Core.CorsConstants.AccessControlAllowHeaders">
            <summary>
            The Access-Control-Allow-Headers response header.
            </summary>
        </member>
        <member name="F:Microsoft.AspNet.Cors.Core.CorsConstants.AccessControlExposeHeaders">
            <summary>
            The Access-Control-Expose-Headers response header.
            </summary>
        </member>
        <member name="F:Microsoft.AspNet.Cors.Core.CorsConstants.AccessControlAllowMethods">
            <summary>
            The Access-Control-Allow-Methods response header.
            </summary>
        </member>
        <member name="F:Microsoft.AspNet.Cors.Core.CorsConstants.AccessControlAllowCredentials">
            <summary>
            The Access-Control-Allow-Credentials response header.
            </summary>
        </member>
        <member name="F:Microsoft.AspNet.Cors.Core.CorsConstants.AccessControlMaxAge">
            <summary>
            The Access-Control-Max-Age response header.
            </summary>
        </member>
        <member name="T:Microsoft.AspNet.Cors.Core.CorsOptions">
            <summary>
            Provides programmatic configuration for Cors.
            </summary>
        </member>
        <member name="M:Microsoft.AspNet.Cors.Core.CorsOptions.AddPolicy(System.String,Microsoft.AspNet.Cors.Core.CorsPolicy)">
            <summary>
            Adds a new policy.
            </summary>
            <param name="name">The name of the policy.</param>
            <param name="policy">The <see cref="T:Microsoft.AspNet.Cors.Core.CorsPolicy"/> policy to be added.</param>
        </member>
        <member name="M:Microsoft.AspNet.Cors.Core.CorsOptions.AddPolicy(System.String,System.Action{Microsoft.AspNet.Cors.CorsPolicyBuilder})">
            <summary>
            Adds a new policy.
            </summary>
            <param name="name">The name of the policy.</param>
            <param name="configurePolicy">A delegate which can use a policy builder to build a policy.</param>
        </member>
        <member name="M:Microsoft.AspNet.Cors.Core.CorsOptions.GetPolicy(System.String)">
            <summary>
            Gets the policy based on the <paramref name="name"/>
            </summary>
            <param name="name">The name of the policy to lookup.</param>
            <returns>The <see cref="T:Microsoft.AspNet.Cors.Core.CorsPolicy"/> if the policy was added.<c>null</c> otherwise.</returns>
        </member>
        <member name="T:Microsoft.AspNet.Cors.Core.CorsPolicy">
            <summary>
            Defines the policy for Cross-Origin requests based on the CORS specifications.
            </summary>
        </member>
        <member name="P:Microsoft.AspNet.Cors.Core.CorsPolicy.AllowAnyHeader">
            <summary>
            Gets a value indicating if all headers are allowed.
            </summary>
        </member>
        <member name="P:Microsoft.AspNet.Cors.Core.CorsPolicy.AllowAnyMethod">
            <summary>
            Gets a value indicating if all methods are allowed.
            </summary>
        </member>
        <member name="P:Microsoft.AspNet.Cors.Core.CorsPolicy.AllowAnyOrigin">
            <summary>
            Gets a value indicating if all origins are allowed.
            </summary>
        </member>
        <member name="P:Microsoft.AspNet.Cors.Core.CorsPolicy.ExposedHeaders">
            <summary>
            Gets the headers that the resource might use and can be exposed.
            </summary>
        </member>
        <member name="P:Microsoft.AspNet.Cors.Core.CorsPolicy.Headers">
            <summary>
            Gets the headers that are supported by the resource.
            </summary>
        </member>
        <member name="P:Microsoft.AspNet.Cors.Core.CorsPolicy.Methods">
            <summary>
            Gets the methods that are supported by the resource.
            </summary>
        </member>
        <member name="P:Microsoft.AspNet.Cors.Core.CorsPolicy.Origins">
            <summary>
            Gets the origins that are allowed to access the resource.
            </summary>
        </member>
        <member name="P:Microsoft.AspNet.Cors.Core.CorsPolicy.PreflightMaxAge">
            <summary>
            Gets or sets the <see cref="T:System.TimeSpan"/> for which the results of a preflight request can be cached.
            </summary>
        </member>
        <member name="P:Microsoft.AspNet.Cors.Core.CorsPolicy.SupportsCredentials">
            <summary>
            Gets or sets a value indicating whether the resource supports user credentials in the request.
            </summary>
        </member>
        <member name="M:Microsoft.AspNet.Cors.Core.CorsPolicy.ToString">
            <summary>
            Returns a <see cref="T:System.String" /> that represents this instance.
            </summary>
            <returns>
            A <see cref="T:System.String" /> that represents this instance.
            </returns>
        </member>
        <member name="T:Microsoft.AspNet.Cors.Core.CorsResult">
            <summary>
            Results returned by <see cref="T:Microsoft.AspNet.Cors.Core.ICorsService"/>.
            </summary>
        </member>
        <member name="P:Microsoft.AspNet.Cors.Core.CorsResult.AllowedOrigin">
            <summary>
            Gets or sets the allowed origin.
            </summary>
        </member>
        <member name="P:Microsoft.AspNet.Cors.Core.CorsResult.SupportsCredentials">
            <summary>
            Gets or sets a value indicating whether the resource supports user credentials.
            </summary>
        </member>
        <member name="P:Microsoft.AspNet.Cors.Core.CorsResult.AllowedMethods">
            <summary>
            Gets the allowed methods.
            </summary>
        </member>
        <member name="P:Microsoft.AspNet.Cors.Core.CorsResult.AllowedHeaders">
            <summary>
            Gets the allowed headers.
            </summary>
        </member>
        <member name="P:Microsoft.AspNet.Cors.Core.CorsResult.AllowedExposedHeaders">
            <summary>
            Gets the allowed headers that can be exposed on the response.
            </summary>
        </member>
        <member name="P:Microsoft.AspNet.Cors.Core.CorsResult.VaryByOrigin">
            <summary>
            Gets or sets a value indicating if a 'Vary' header with the value 'Origin' is required.
            </summary>
        </member>
        <member name="P:Microsoft.AspNet.Cors.Core.CorsResult.PreflightMaxAge">
            <summary>
            Gets or sets the <see cref="T:System.TimeSpan"/> for which the results of a preflight request can be cached.
            </summary>
        </member>
        <member name="M:Microsoft.AspNet.Cors.Core.CorsResult.ToString">
            <summary>
            Returns a <see cref="T:System.String" /> that represents this instance.
            </summary>
            <returns>
            A <see cref="T:System.String" /> that represents this instance.
            </returns>
        </member>
        <member name="T:Microsoft.AspNet.Cors.Core.CorsService">
            <summary>
            Default implementation of <see cref="T:Microsoft.AspNet.Cors.Core.ICorsService"/>.
            </summary>
        </member>
        <member name="M:Microsoft.AspNet.Cors.Core.CorsService.#ctor(Microsoft.Framework.OptionsModel.IOptions{Microsoft.AspNet.Cors.Core.CorsOptions})">
            <summary>
            Creates a new instance of the <see cref="T:Microsoft.AspNet.Cors.Core.CorsService"/>.
            </summary>
            <param name="options">The option model representing <see cref="T:Microsoft.AspNet.Cors.Core.CorsOptions"/>.</param>
        </member>
        <member name="M:Microsoft.AspNet.Cors.Core.CorsService.EvaluatePolicy(Microsoft.AspNet.Http.HttpContext,System.String)">
            <summary>
            Looks up a policy using the <paramref name="policyName"/> and then evaluates the policy using the passed in
            <paramref name="context"/>.
            </summary>
            <param name="requestContext"></param>
            <param name="policyName"></param>
            <returns>A <see cref="T:Microsoft.AspNet.Cors.Core.CorsResult"/> which contains the result of policy evaluation and can be
            used by the caller to set apporpriate response headers.</returns>
        </member>
        <member name="M:Microsoft.AspNet.Cors.Core.CorsService.EvaluatePolicy(Microsoft.AspNet.Http.HttpContext,Microsoft.AspNet.Cors.Core.CorsPolicy)">
            <inheritdoc />
        </member>
        <member name="M:Microsoft.AspNet.Cors.Core.CorsService.ApplyResult(Microsoft.AspNet.Cors.Core.CorsResult,Microsoft.AspNet.Http.HttpResponse)">
            <inheritdoc />
        </member>
        <member name="T:Microsoft.AspNet.Cors.Core.DefaultCorsPolicyProvider">
            <inheritdoc />
        </member>
        <member name="M:Microsoft.AspNet.Cors.Core.DefaultCorsPolicyProvider.#ctor(Microsoft.Framework.OptionsModel.IOptions{Microsoft.AspNet.Cors.Core.CorsOptions})">
            <summary>
            Creates a new instance of <see cref="T:Microsoft.AspNet.Cors.Core.DefaultCorsPolicyProvider"/>.
            </summary>
            <param name="options">The options configured for the application.</param>
        </member>
        <member name="M:Microsoft.AspNet.Cors.Core.DefaultCorsPolicyProvider.GetPolicyAsync(Microsoft.AspNet.Http.HttpContext,System.String)">
            <inheritdoc />
        </member>
        <member name="T:Microsoft.AspNet.Cors.Core.DisableCorsAttribute">
            <inheritdoc />
        </member>
        <member name="T:Microsoft.AspNet.Cors.Core.EnableCorsAttribute">
            <inheritdoc />
        </member>
        <member name="M:Microsoft.AspNet.Cors.Core.EnableCorsAttribute.#ctor(System.String)">
            <summary>
            Creates a new instance of the <see cref="T:Microsoft.AspNet.Cors.Core.EnableCorsAttribute"/>.
            </summary>
            <param name="policyName">The name of the policy to be applied.</param>
        </member>
        <member name="P:Microsoft.AspNet.Cors.Core.EnableCorsAttribute.PolicyName">
            <inheritdoc />
        </member>
        <member name="T:Microsoft.AspNet.Cors.Core.ICorsPolicyProvider">
            <summary>
            A type which can provide a <see cref="T:Microsoft.AspNet.Cors.Core.CorsPolicy"/> for a particular <see cref="T:Microsoft.AspNet.Http.HttpContext"/>.
            </summary>
        </member>
        <member name="M:Microsoft.AspNet.Cors.Core.ICorsPolicyProvider.GetPolicyAsync(Microsoft.AspNet.Http.HttpContext,System.String)">
            <summary>
            Gets a <see cref="T:Microsoft.AspNet.Cors.Core.CorsPolicy"/> from the given <paramref name="context"/>
            </summary>
            <param name="context">The <see cref="T:Microsoft.AspNet.Http.HttpContext"/> associated with this call.</param>
            <param name="policyName">An optional policy name to look for.</param>
            <returns>A <see cref="T:Microsoft.AspNet.Cors.Core.CorsPolicy"/></returns>
        </member>
        <member name="T:Microsoft.AspNet.Cors.Core.ICorsService">
            <summary>
            A type which can evaluate a policy for a particular <see cref="T:Microsoft.AspNet.Http.HttpContext"/>.
            </summary>
        </member>
        <member name="M:Microsoft.AspNet.Cors.Core.ICorsService.EvaluatePolicy(Microsoft.AspNet.Http.HttpContext,Microsoft.AspNet.Cors.Core.CorsPolicy)">
            <summary>
            Evaluates the given <paramref name="policy"/> using the passed in <paramref name="context"/>.
            </summary>
            <param name="context">The <see cref="T:Microsoft.AspNet.Http.HttpContext"/> associated with the call.</param>
            <param name="policy">The <see cref="T:Microsoft.AspNet.Cors.Core.CorsPolicy"/> which needs to be evaluated.</param>
            <returns>A <see cref="T:Microsoft.AspNet.Cors.Core.CorsResult"/> which contains the result of policy evaluation and can be
            used by the caller to set apporpriate response headers.</returns>
        </member>
        <member name="M:Microsoft.AspNet.Cors.Core.ICorsService.ApplyResult(Microsoft.AspNet.Cors.Core.CorsResult,Microsoft.AspNet.Http.HttpResponse)">
            <summary>
            Adds CORS-specific response headers to the given <paramref name="response"/>.
            </summary>
            <param name="result">The <see cref="T:Microsoft.AspNet.Cors.Core.CorsResult"/> used to read the allowed values.</param>
            <param name="response">The <see cref="T:Microsoft.AspNet.Http.HttpResponse"/> associated with the current call.</param>
        </member>
        <member name="T:Microsoft.AspNet.Cors.Core.IDisableCorsAttribute">
            <summary>
            An interface which can be used to identify a type which provides metdata to disable cors for a resource.
            </summary>
        </member>
        <member name="T:Microsoft.AspNet.Cors.Core.IEnableCorsAttribute">
            <summary>
            An interface which can be used to identify a type which provides metadata needed for enabling CORS support.
            </summary>
        </member>
        <member name="P:Microsoft.AspNet.Cors.Core.IEnableCorsAttribute.PolicyName">
            <summary>
            The name of the policy which needs to be applied.
            </summary>
        </member>
        <member name="P:Microsoft.AspNet.Cors.Core.Resources.PreflightMaxAgeOutOfRange">
            <summary>
            PreflightMaxAge must be greater than or equal to 0.
            </summary>
        </member>
        <member name="M:Microsoft.AspNet.Cors.Core.Resources.FormatPreflightMaxAgeOutOfRange">
            <summary>
            PreflightMaxAge must be greater than or equal to 0.
            </summary>
        </member>
        <member name="T:Microsoft.AspNet.Cors.CorsPolicyBuilder">
            <summary>
            Exposes methods to build a policy.
            </summary>
        </member>
        <member name="M:Microsoft.AspNet.Cors.CorsPolicyBuilder.#ctor(System.String[])">
            <summary>
            Creates a new instance of the <see cref="T:Microsoft.AspNet.Cors.CorsPolicyBuilder"/>.
            </summary>
            <param name="origins">list of origins which can be added.</param>
        </member>
        <member name="M:Microsoft.AspNet.Cors.CorsPolicyBuilder.#ctor(Microsoft.AspNet.Cors.Core.CorsPolicy)">
            <summary>
            Creates a new instance of the <see cref="T:Microsoft.AspNet.Cors.CorsPolicyBuilder"/>.
            </summary>
            <param name="policy">The policy which will be used to intialize the builder.</param>
        </member>
        <member name="M:Microsoft.AspNet.Cors.CorsPolicyBuilder.WithOrigins(System.String[])">
            <summary>
            Adds the specified <paramref name="origins"/> to the policy.
            </summary>
            <param name="origins">The origins that are allowed.</param>
            <returns>The current policy builder</returns>
        </member>
        <member name="M:Microsoft.AspNet.Cors.CorsPolicyBuilder.WithHeaders(System.String[])">
            <summary>
            Adds the specified <paramref name="headers"/> to the policy.
            </summary>
            <param name="headers">The headers which need to be allowed in the request.</param>
            <returns>The current policy builder</returns>
        </member>
        <member name="M:Microsoft.AspNet.Cors.CorsPolicyBuilder.WithExposedHeaders(System.String[])">
            <summary>
            Adds the specified <paramref name="exposedHeaders"/> to the policy.
            </summary>
            <param name="exposedHeaders">The headers which need to be exposed to the client.</param>
            <returns>The current policy builder</returns>
        </member>
        <member name="M:Microsoft.AspNet.Cors.CorsPolicyBuilder.WithMethods(System.String[])">
            <summary>
            Adds the specified <paramref name="methods"/> to the policy.
            </summary>
            <param name="methods">The methods which need to be added to the policy.</param>
            <returns>The current policy builder</returns>
        </member>
        <member name="M:Microsoft.AspNet.Cors.CorsPolicyBuilder.AllowCredentials">
            <summary>
            Sets the policy to allow credentials.
            </summary>
            <returns>The current policy builder</returns>
        </member>
        <member name="M:Microsoft.AspNet.Cors.CorsPolicyBuilder.DisallowCredentials">
            <summary>
            Sets the policy to not allow credentials.
            </summary>
            <returns>The current policy builder</returns>
        </member>
        <member name="M:Microsoft.AspNet.Cors.CorsPolicyBuilder.AllowAnyOrigin">
            <summary>
            Ensures that the policy allows any origin.
            </summary>
            <returns>The current policy builder</returns>
        </member>
        <member name="M:Microsoft.AspNet.Cors.CorsPolicyBuilder.AllowAnyMethod">
            <summary>
            Ensures that the policy allows any method.
            </summary>
            <returns>The current policy builder</returns>
        </member>
        <member name="M:Microsoft.AspNet.Cors.CorsPolicyBuilder.AllowAnyHeader">
            <summary>
            Ensures that the policy allows any header.
            </summary>
            <returns>The current policy builder</returns>
        </member>
        <member name="M:Microsoft.AspNet.Cors.CorsPolicyBuilder.SetPreflightMaxAge(System.TimeSpan)">
            <summary>
            Sets the preflightMaxAge for the underlying policy.
            </summary>
            <param name="preflightMaxAge">A positive <see cref="T:System.TimeSpan"/> indicating the time a preflight
            request can be cached.</param>
            <returns></returns>
        </member>
        <member name="M:Microsoft.AspNet.Cors.CorsPolicyBuilder.Build">
            <summary>
            Builds a new <see cref="T:Microsoft.AspNet.Cors.Core.CorsPolicy"/> using the entries added.
            </summary>
            <returns>The constructed <see cref="T:Microsoft.AspNet.Cors.Core.CorsPolicy"/>.</returns>
        </member>
        <member name="M:Microsoft.AspNet.Cors.CorsPolicyBuilder.Combine(Microsoft.AspNet.Cors.Core.CorsPolicy)">
            <summary>
            Combines the given <paramref name="policy"/> to the existing properties in the builder.
            </summary>
            <param name="policy">The policy which needs to be combined.</param>
            <returns>The current policy builder</returns>
        </member>
        <member name="T:Microsoft.Framework.DependencyInjection.CorsServiceCollectionExtensions">
            <summary>
            The <see cref="T:Microsoft.Framework.DependencyInjection.IServiceCollection"/> extensions for enabling CORS support.
            </summary>
        </member>
        <member name="M:Microsoft.Framework.DependencyInjection.CorsServiceCollectionExtensions.ConfigureCors(Microsoft.Framework.DependencyInjection.IServiceCollection,System.Action{Microsoft.AspNet.Cors.Core.CorsOptions})">
            <summary>
            Can be used to configure services in the <paramref name="serviceCollection"/>.
            </summary>
            <param name="serviceCollection">The service collection which needs to be configured.</param>
            <param name="configure">A delegate which is run to configure the services.</param>
            <returns></returns>
        </member>
        <member name="M:Microsoft.Framework.DependencyInjection.CorsServiceCollectionExtensions.AddCors(Microsoft.Framework.DependencyInjection.IServiceCollection)">
            <summary>
            Add services needed to support CORS to the given <paramref name="serviceCollection"/>.
            </summary>
            <param name="serviceCollection">The service collection to which CORS services are added.</param>
            <returns>The updated <see cref="T:Microsoft.Framework.DependencyInjection.IServiceCollection"/>.</returns>
        </member>
    </members>
</doc>
