<?xml version="1.0"?>
<doc>
    <assembly>
        <name>Microsoft.Framework.Logging.Debug</name>
    </assembly>
    <members>
        <member name="T:Microsoft.Framework.Logging.Debug.DebugLogger">
            <summary>
            A logger that writes messages in the debug output window only when a debugger is attached.
            </summary>
        </member>
        <member name="M:Microsoft.Framework.Logging.Debug.DebugLogger.#ctor(System.String)">
            <summary>
            Initializes a new instance of the <see cref="T:Microsoft.Framework.Logging.Debug.DebugLogger"/> class.
            </summary>
            <param name="name">The name of the logger.</param>
        </member>
        <member name="M:Microsoft.Framework.Logging.Debug.DebugLogger.#ctor(System.String,System.Func{System.String,Microsoft.Framework.Logging.LogLevel,System.Boolean})">
            <summary>
            Initializes a new instance of the <see cref="T:Microsoft.Framework.Logging.Debug.DebugLogger"/> class.
            </summary>
            <param name="name">The name of the logger.</param>
            <param name="filter">The function used to filter events based on the log level.</param>
        </member>
        <member name="M:Microsoft.Framework.Logging.Debug.DebugLogger.BeginScopeImpl(System.Object)">
            <inheritdoc />
        </member>
        <member name="M:Microsoft.Framework.Logging.Debug.DebugLogger.IsEnabled(Microsoft.Framework.Logging.LogLevel)">
            <inheritdoc />
        </member>
        <member name="M:Microsoft.Framework.Logging.Debug.DebugLogger.Log(Microsoft.Framework.Logging.LogLevel,System.Int32,System.Object,System.Exception,System.Func{System.Object,System.Exception,System.String})">
            <inheritdoc />
        </member>
        <member name="T:Microsoft.Framework.Logging.Debug.DebugLoggerProvider">
            <summary>
            The provider for the <see cref="T:Microsoft.Framework.Logging.Debug.DebugLogger"/>.
            </summary>
        </member>
        <member name="M:Microsoft.Framework.Logging.Debug.DebugLoggerProvider.#ctor(System.Func{System.String,Microsoft.Framework.Logging.LogLevel,System.Boolean})">
            <summary>
            Initializes a new instance of the <see cref="T:Microsoft.Framework.Logging.Debug.DebugLoggerProvider"/> class.
            </summary>
            <param name="filter">The function used to filter events based on the log level.</param>
        </member>
        <member name="M:Microsoft.Framework.Logging.Debug.DebugLoggerProvider.CreateLogger(System.String)">
            <inheritdoc /> 
        </member>
        <member name="T:Microsoft.Framework.Logging.DebugLoggerFactoryExtensions">
            <summary>
            Extension methods for the <see cref="T:Microsoft.Framework.Logging.ILoggerFactory"/> class.
            </summary>
        </member>
        <member name="M:Microsoft.Framework.Logging.DebugLoggerFactoryExtensions.AddDebug(Microsoft.Framework.Logging.ILoggerFactory)">
            <summary>
            Adds a debug logger that is enabled for <see cref="T:Microsoft.Framework.Logging.LogLevel"/>.Information or higher.
            </summary>
            <param name="factory">The extension method argument.</param>
        </member>
        <member name="M:Microsoft.Framework.Logging.DebugLoggerFactoryExtensions.AddDebug(Microsoft.Framework.Logging.ILoggerFactory,System.Func{System.String,Microsoft.Framework.Logging.LogLevel,System.Boolean})">
            <summary>
            Adds a debug logger that is enabled as defined by the filter function.
            </summary>
            <param name="factory">The extension method argument.</param>
            <param name="filter">The function used to filter events based on the log level.</param>
        </member>
        <member name="M:Microsoft.Framework.Logging.DebugLoggerFactoryExtensions.AddDebug(Microsoft.Framework.Logging.ILoggerFactory,Microsoft.Framework.Logging.LogLevel)">
            <summary>
            Adds a debug logger that is enabled for <see cref="T:Microsoft.Framework.Logging.LogLevel"/>s of minLevel or higher.
            </summary>
            <param name="factory">The extension method argument.</param>
            <param name="minLevel">The minimum <see cref="T:Microsoft.Framework.Logging.LogLevel"/> to be logged</param>
        </member>
    </members>
</doc>
