<?xml version="1.0"?>
<doc>
    <assembly>
        <name>Microsoft.AspNet.Hosting</name>
    </assembly>
    <members>
        <member name="T:Microsoft.AspNet.Hosting.ApplicationLifetime">
            <summary>
            Allows consumers to perform cleanup during a graceful shutdown.
            </summary>
        </member>
        <member name="P:Microsoft.AspNet.Hosting.ApplicationLifetime.ApplicationStarted">
            <summary>
            Triggered when the application host has fully started and is about to wait
            for a graceful shutdown.
            </summary>
        </member>
        <member name="P:Microsoft.AspNet.Hosting.ApplicationLifetime.ApplicationStopping">
            <summary>
            Triggered when the application host is performing a graceful shutdown.
            Request may still be in flight. Shutdown will block until this event completes.
            </summary>
            <returns></returns>
        </member>
        <member name="P:Microsoft.AspNet.Hosting.ApplicationLifetime.ApplicationStopped">
            <summary>
            Triggered when the application host is performing a graceful shutdown.
            All requests should be complete at this point. Shutdown will block
            until this event completes.
            </summary>
            <returns></returns>
        </member>
        <member name="M:Microsoft.AspNet.Hosting.ApplicationLifetime.NotifyStarted">
            <summary>
            Signals the ApplicationStarted event and blocks until it completes.
            </summary>
        </member>
        <member name="M:Microsoft.AspNet.Hosting.ApplicationLifetime.NotifyStopping">
            <summary>
            Signals the ApplicationStopping event and blocks until it completes.
            </summary>
        </member>
        <member name="M:Microsoft.AspNet.Hosting.ApplicationLifetime.NotifyStopped">
            <summary>
            Signals the ApplicationStopped event and blocks until it completes.
            </summary>
        </member>
    </members>
</doc>
