<?xml version="1.0"?>
<doc>
    <assembly>
        <name>Microsoft.Framework.Configuration.Json</name>
    </assembly>
    <members>
        <member name="T:Microsoft.Framework.Configuration.JsonConfigurationExtensions">
            <summary>
            Extension methods for adding <see cref="T:Microsoft.Framework.Configuration.Json.JsonConfigurationSource"/>.
            </summary>
        </member>
        <member name="M:Microsoft.Framework.Configuration.JsonConfigurationExtensions.AddJsonFile(Microsoft.Framework.Configuration.IConfigurationBuilder,System.String)">
            <summary>
            Adds the JSON configuration source at <paramref name="path"/> to <paramref name="configuraton"/>.
            </summary>
            <param name="configuration">The <see cref="T:Microsoft.Framework.Configuration.IConfigurationBuilder"/> to add to.</param>
            <param name="path">Absolute path or path relative to <see cref="P:Microsoft.Framework.Configuration.IConfigurationBuilder.BasePath"/> of
            <paramref name="configuration"/>.</param>
            <returns>The <see cref="T:Microsoft.Framework.Configuration.IConfigurationBuilder"/>.</returns>
        </member>
        <member name="M:Microsoft.Framework.Configuration.JsonConfigurationExtensions.AddJsonFile(Microsoft.Framework.Configuration.IConfigurationBuilder,System.String,System.Boolean)">
            <summary>
            Adds the JSON configuration source at <paramref name="path"/> to <paramref name="configuraton"/>.
            </summary>
            <param name="configuration">The <see cref="T:Microsoft.Framework.Configuration.IConfigurationBuilder"/> to add to.</param>
            <param name="path">Absolute path or path relative to <see cref="P:Microsoft.Framework.Configuration.IConfigurationBuilder.BasePath"/> of
            <paramref name="configuration"/>.</param>
            <param name="optional">Determines if loading the configuration source is optional.</param>
            <returns>The <see cref="T:Microsoft.Framework.Configuration.IConfigurationBuilder"/>.</returns>
            <exception cref="T:System.ArgumentException">If <paramref name="path"/> is null or empty.</exception>
            <exception cref="T:System.IO.FileNotFoundException">If <paramref name="optional"/> is <c>false</c> and the file cannot
            be resolved.</exception>
        </member>
        <member name="T:Microsoft.Framework.Configuration.Json.JsonConfigurationSource">
            <summary>
            A JSON file based <see cref="T:Microsoft.Framework.Configuration.ConfigurationSource"/>.
            </summary>
        </member>
        <member name="M:Microsoft.Framework.Configuration.Json.JsonConfigurationSource.#ctor(System.String)">
            <summary>
            Initializes a new instance of <see cref="T:Microsoft.Framework.Configuration.Json.JsonConfigurationSource"/>.
            </summary>
            <param name="path">Absolute path of the JSON configuration file.</param>
        </member>
        <member name="M:Microsoft.Framework.Configuration.Json.JsonConfigurationSource.#ctor(System.String,System.Boolean)">
            <summary>
            Initializes a new instance of <see cref="T:Microsoft.Framework.Configuration.Json.JsonConfigurationSource"/>.
            </summary>
            <param name="path">Absolute path of the JSON configuration file.</param>
            <param name="optional">Determines if the configuration is optional.</param>
        </member>
        <member name="P:Microsoft.Framework.Configuration.Json.JsonConfigurationSource.Optional">
            <summary>
            Gets a value that determines if this instance of <see cref="T:Microsoft.Framework.Configuration.Json.JsonConfigurationSource"/> is optional.
            </summary>
        </member>
        <member name="P:Microsoft.Framework.Configuration.Json.JsonConfigurationSource.Path">
            <summary>
            The absolute path of the file backing this instance of <see cref="T:Microsoft.Framework.Configuration.Json.JsonConfigurationSource"/>.
            </summary>
        </member>
        <member name="M:Microsoft.Framework.Configuration.Json.JsonConfigurationSource.Load">
            <summary>
            Loads the contents of the file at <see cref="P:Microsoft.Framework.Configuration.Json.JsonConfigurationSource.Path"/>.
            </summary>
            <exception cref="T:System.IO.FileNotFoundException">If <see cref="P:Microsoft.Framework.Configuration.Json.JsonConfigurationSource.Optional"/> is <c>false</c> and a
            file does not exist at <see cref="P:Microsoft.Framework.Configuration.Json.JsonConfigurationSource.Path"/>.</exception>
        </member>
        <member name="P:Microsoft.Framework.Configuration.Json.Resources.Error_CommitWhenKeyMissing">
            <summary>
            Unable to commit because the following keys are missing from the configuration file: {0}.
            </summary>
        </member>
        <member name="M:Microsoft.Framework.Configuration.Json.Resources.FormatError_CommitWhenKeyMissing(System.Object)">
            <summary>
            Unable to commit because the following keys are missing from the configuration file: {0}.
            </summary>
        </member>
        <member name="P:Microsoft.Framework.Configuration.Json.Resources.Error_CommitWhenNewKeyFound">
            <summary>
            Unable to commit because a new key was added to the configuration file after last load operation. The newly added key is '{0}'.
            </summary>
        </member>
        <member name="M:Microsoft.Framework.Configuration.Json.Resources.FormatError_CommitWhenNewKeyFound(System.Object)">
            <summary>
            Unable to commit because a new key was added to the configuration file after last load operation. The newly added key is '{0}'.
            </summary>
        </member>
        <member name="P:Microsoft.Framework.Configuration.Json.Resources.Error_FileNotFound">
            <summary>
            The configuration file '{0}' was not found and is not optional.
            </summary>
        </member>
        <member name="M:Microsoft.Framework.Configuration.Json.Resources.FormatError_FileNotFound(System.Object)">
            <summary>
            The configuration file '{0}' was not found and is not optional.
            </summary>
        </member>
        <member name="P:Microsoft.Framework.Configuration.Json.Resources.Error_InvalidFilePath">
            <summary>
            File path must be a non-empty string.
            </summary>
        </member>
        <member name="M:Microsoft.Framework.Configuration.Json.Resources.FormatError_InvalidFilePath">
            <summary>
            File path must be a non-empty string.
            </summary>
        </member>
        <member name="P:Microsoft.Framework.Configuration.Json.Resources.Error_JSONParseError">
            <summary>
            Could not parse the JSON file. Error on line number '{0}': '{1}'.
            </summary>
        </member>
        <member name="M:Microsoft.Framework.Configuration.Json.Resources.FormatError_JSONParseError(System.Object,System.Object)">
            <summary>
            Could not parse the JSON file. Error on line number '{0}': '{1}'.
            </summary>
        </member>
        <member name="P:Microsoft.Framework.Configuration.Json.Resources.Error_KeyIsDuplicated">
            <summary>
            A duplicate key '{0}' was found.
            </summary>
        </member>
        <member name="M:Microsoft.Framework.Configuration.Json.Resources.FormatError_KeyIsDuplicated(System.Object)">
            <summary>
            A duplicate key '{0}' was found.
            </summary>
        </member>
        <member name="P:Microsoft.Framework.Configuration.Json.Resources.Error_UnsupportedJSONToken">
            <summary>
            Unsupported JSON token '{0}' was found. Path '{1}', line {2} position {3}.
            </summary>
        </member>
        <member name="M:Microsoft.Framework.Configuration.Json.Resources.FormatError_UnsupportedJSONToken(System.Object,System.Object,System.Object,System.Object)">
            <summary>
            Unsupported JSON token '{0}' was found. Path '{1}', line {2} position {3}.
            </summary>
        </member>
    </members>
</doc>
