<?xml version="1.0"?>
<doc>
    <assembly>
        <name>Microsoft.AspNet.WebUtilities</name>
    </assembly>
    <members>
        <member name="T:Microsoft.AspNet.WebUtilities.FileBufferingReadStream">
            <summary>
            A Stream that wraps another stream and enables rewinding by buffering the content as it is read.
            The content is buffered in memory up to a certain size and then spooled to a temp file on disk.
            The temp file will be deleted on Dispose.
            </summary>
        </member>
        <member name="T:Microsoft.AspNet.WebUtilities.FormReader">
            <summary>
            Used to read an 'application/x-www-form-urlencoded' form.
            </summary>
        </member>
        <member name="M:Microsoft.AspNet.WebUtilities.FormReader.ReadNextPair">
            <summary>
            Reads the next key value pair from the form.
            For unbuffered data use the async overload instead.
            </summary>
            <returns>The next key value pair, or null when the end of the form is reached.</returns>
        </member>
        <member name="M:Microsoft.AspNet.WebUtilities.FormReader.ReadNextPairAsync(System.Threading.CancellationToken)">
            <summary>
            Asynchronously reads the next key value pair from the form.
            </summary>
            <param name="cancellationToken"></param>
            <returns>The next key value pair, or null when the end of the form is reached.</returns>
        </member>
        <member name="M:Microsoft.AspNet.WebUtilities.FormReader.ReadForm(System.String)">
            <summary>
            Parses text from an HTTP form body.
            </summary>
            <param name="text">The HTTP form body to parse.</param>
            <returns>The collection containing the parsed HTTP form body.</returns>
        </member>
        <member name="M:Microsoft.AspNet.WebUtilities.FormReader.ReadFormAsync(System.IO.Stream,System.Threading.CancellationToken)">
            <summary>
            Parses an HTTP form body.
            </summary>
            <param name="stream">The HTTP form body to parse.</param>
            <returns>The collection containing the parsed HTTP form body.</returns>
        </member>
        <member name="M:Microsoft.AspNet.WebUtilities.FormReader.ReadFormAsync(System.IO.Stream,System.Text.Encoding,System.Threading.CancellationToken)">
            <summary>
            Parses an HTTP form body.
            </summary>
            <param name="stream">The HTTP form body to parse.</param>
            <returns>The collection containing the parsed HTTP form body.</returns>
        </member>
        <member name="P:Microsoft.AspNet.WebUtilities.MultipartReader.HeaderLengthLimit">
            <summary>
            The limit for individual header lines inside a multipart section.
            </summary>
        </member>
        <member name="P:Microsoft.AspNet.WebUtilities.MultipartReader.TotalHeaderSizeLimit">
            <summary>
            The combined size limit for headers per multipart section.
            </summary>
        </member>
        <member name="M:Microsoft.AspNet.WebUtilities.MultipartReaderStream.#ctor(Microsoft.AspNet.WebUtilities.BufferedReadStream,System.String,System.Boolean)">
            <summary>
            Creates a stream that reads until it reaches the given boundary pattern.
            </summary>
            <param name="stream"></param>
            <param name="boundary"></param>
        </member>
        <member name="P:Microsoft.AspNet.WebUtilities.MultipartSection.BaseStreamOffset">
            <summary>
            The position where the body starts in the total multipart body.
            This may not be available if the total multipart body is not seekable.
            </summary>
        </member>
        <member name="M:Microsoft.AspNet.WebUtilities.QueryHelpers.AddQueryString(System.String,System.String,System.String)">
            <summary>
            Append the given query key and value to the URI.
            </summary>
            <param name="uri">The base URI.</param>
            <param name="name">The name of the query key.</param>
            <param name="value">The query value.</param>
            <returns>The combined result.</returns>
        </member>
        <member name="M:Microsoft.AspNet.WebUtilities.QueryHelpers.AddQueryString(System.String,System.Collections.Generic.IDictionary{System.String,System.String})">
            <summary>
            Append the given query keys and values to the uri.
            </summary>
            <param name="uri">The base uri.</param>
            <param name="queryString">A collection of name value query pairs to append.</param>
            <returns>The combined result.</returns>
        </member>
        <member name="M:Microsoft.AspNet.WebUtilities.QueryHelpers.ParseQuery(System.String)">
            <summary>
            Parse a query string into its component key and value parts.
            </summary>
            <param name="text">The raw query string value, with or without the leading '?'.</param>
            <returns>A collection of parsed keys and values.</returns>
        </member>
        <member name="T:Microsoft.AspNet.WebUtilities.WebEncoders">
            <summary>
            Contains utility APIs to assist with common encoding and decoding operations.
            </summary>
        </member>
        <member name="M:Microsoft.AspNet.WebUtilities.WebEncoders.Base64UrlDecode(System.String)">
            <summary>
            Decodes a base64url-encoded string.
            </summary>
            <param name="input">The base64url-encoded input to decode.</param>
            <returns>The base64url-decoded form of the input.</returns>
            <remarks>
            The input must not contain any whitespace or padding characters.
            Throws FormatException if the input is malformed.
            </remarks>
        </member>
        <member name="M:Microsoft.AspNet.WebUtilities.WebEncoders.Base64UrlDecode(System.String,System.Int32,System.Int32)">
            <summary>
            Decodes a base64url-encoded substring of a given string.
            </summary>
            <param name="input">A string containing the base64url-encoded input to decode.</param>
            <param name="offset">The position in <paramref name="input"/> at which decoding should begin.</param>
            <param name="count">The number of characters in <paramref name="input"/> to decode.</param>
            <returns>The base64url-decoded form of the input.</returns>
            <remarks>
            The input must not contain any whitespace or padding characters.
            Throws FormatException if the input is malformed.
            </remarks>
        </member>
        <member name="M:Microsoft.AspNet.WebUtilities.WebEncoders.Base64UrlEncode(System.Byte[])">
            <summary>
            Encodes an input using base64url encoding.
            </summary>
            <param name="input">The binary input to encode.</param>
            <returns>The base64url-encoded form of the input.</returns>
        </member>
        <member name="M:Microsoft.AspNet.WebUtilities.WebEncoders.Base64UrlEncode(System.Byte[],System.Int32,System.Int32)">
            <summary>
            Encodes an input using base64url encoding.
            </summary>
            <param name="input">The binary input to encode.</param>
            <param name="offset">The offset into <paramref name="input"/> at which to begin encoding.</param>
            <param name="count">The number of bytes of <paramref name="input"/> to encode.</param>
            <returns>The base64url-encoded form of the input.</returns>
        </member>
    </members>
</doc>
