<?xml version="1.0"?>
<doc>
    <assembly>
        <name>Microsoft.AspNet.Hosting.Abstractions</name>
    </assembly>
    <members>
        <member name="M:Microsoft.AspNet.Hosting.HostingEnvironmentExtensions.IsDevelopment(Microsoft.AspNet.Hosting.IHostingEnvironment)">
            <summary>
            Checks if the current hosting environment name is development.
            </summary>
            <param name="hostingEnvironment">An instance of <see cref="T:Microsoft.AspNet.Hosting.IHostingEnvironment"/> service.</param>
            <returns>True if the environment name is Development, otherwise false.</returns>
        </member>
        <member name="M:Microsoft.AspNet.Hosting.HostingEnvironmentExtensions.IsProduction(Microsoft.AspNet.Hosting.IHostingEnvironment)">
            <summary>
            Checks if the current hosting environment name is Production.
            </summary>
            <param name="hostingEnvironment">An instance of <see cref="T:Microsoft.AspNet.Hosting.IHostingEnvironment"/> service.</param>
            <returns>True if the environment name is Production, otherwise false.</returns>
        </member>
        <member name="M:Microsoft.AspNet.Hosting.HostingEnvironmentExtensions.IsEnvironment(Microsoft.AspNet.Hosting.IHostingEnvironment,System.String)">
            <summary>
            Compares the current hosting environment name against the specified value.
            </summary>
            <param name="hostingEnvironment">An instance of <see cref="T:Microsoft.AspNet.Hosting.IHostingEnvironment"/> service.</param>
            <param name="environmentName">Environment name to validate against.</param>
            <returns>True if the specified name is same as the current environment.</returns>
        </member>
        <member name="M:Microsoft.AspNet.Hosting.HostingEnvironmentExtensions.MapPath(Microsoft.AspNet.Hosting.IHostingEnvironment,System.String)">
            <summary>
            Gives the physical path corresponding to the given virtual path.
            </summary>
            <param name="hostingEnvironment">An instance of <see cref="T:Microsoft.AspNet.Hosting.IHostingEnvironment"/> service.</param>
            <param name="virtualPath">Path relative to the root.</param>
            <returns>Physical path corresponding to virtual path.</returns>
        </member>
        <member name="T:Microsoft.AspNet.Hosting.IApplicationLifetime">
            <summary>
            Allows consumers to perform cleanup during a graceful shutdown.
            </summary>
        </member>
        <member name="P:Microsoft.AspNet.Hosting.IApplicationLifetime.ApplicationStarted">
            <summary>
            Triggered when the application host has fully started and is about to wait
            for a graceful shutdown.
            </summary>
        </member>
        <member name="P:Microsoft.AspNet.Hosting.IApplicationLifetime.ApplicationStopping">
            <summary>
            Triggered when the application host is performing a graceful shutdown.
            Request may still be in flight. Shutdown will block until this event completes.
            </summary>
            <returns></returns>
        </member>
        <member name="P:Microsoft.AspNet.Hosting.IApplicationLifetime.ApplicationStopped">
            <summary>
            Triggered when the application host is performing a graceful shutdown.
            All requests should be complete at this point. Shutdown will block
            until this event completes.
            </summary>
            <returns></returns>
        </member>
    </members>
</doc>
