<?xml version="1.0"?>
<doc>
    <assembly>
        <name>Microsoft.AspNet.Localization</name>
    </assembly>
    <members>
        <member name="T:Microsoft.AspNet.Localization.AcceptLanguageHeaderRequestCultureProvider">
            <summary>
            Determines the culture information for a request via the value of the Accept-Language header.
            </summary>
        </member>
        <member name="P:Microsoft.AspNet.Localization.AcceptLanguageHeaderRequestCultureProvider.MaximumAcceptLanguageHeaderValuesToTry">
            <summary>
            The maximum number of values in the Accept-Language header to attempt to create a <see cref="T:System.Globalization.CultureInfo"/>
            from for the current request.
            Defaults to <c>3</c>.
            </summary>
        </member>
        <member name="M:Microsoft.AspNet.Localization.AcceptLanguageHeaderRequestCultureProvider.DetermineRequestCulture(Microsoft.AspNet.Http.HttpContext)">
            <inheritdoc />
        </member>
        <member name="T:Microsoft.AspNet.Localization.CookieRequestCultureProvider">
            <summary>
            Determines the culture information for a request via the value of a cookie.
            </summary>
        </member>
        <member name="F:Microsoft.AspNet.Localization.CookieRequestCultureProvider.DefaultCookieName">
            <summary>
            Represent the default cookie name used to track the user's preferred culture information, which is "ASPNET_CULTURE".
            </summary>
        </member>
        <member name="P:Microsoft.AspNet.Localization.CookieRequestCultureProvider.CookieName">
            <summary>
            The name of the cookie that contains the user's preferred culture information.
            Defaults to <see cref="F:Microsoft.AspNet.Localization.CookieRequestCultureProvider.DefaultCookieName"/>.
            </summary>
        </member>
        <member name="M:Microsoft.AspNet.Localization.CookieRequestCultureProvider.DetermineRequestCulture(Microsoft.AspNet.Http.HttpContext)">
            <inheritdoc />
        </member>
        <member name="M:Microsoft.AspNet.Localization.CookieRequestCultureProvider.MakeCookieValue(Microsoft.AspNet.Localization.RequestCulture)">
            <summary>
            Creates a string representation of a <see cref="T:Microsoft.AspNet.Localization.RequestCulture"/> for placement in a cookie.
            </summary>
            <param name="requestCulture">The <see cref="T:Microsoft.AspNet.Localization.RequestCulture"/>.</param>
            <returns>The cookie value.</returns>
        </member>
        <member name="M:Microsoft.AspNet.Localization.CookieRequestCultureProvider.ParseCookieValue(System.String)">
            <summary>
            Parses a <see cref="T:Microsoft.AspNet.Localization.RequestCulture"/> from the specified cookie value.
            Returns <c>null</c> if parsing fails.
            </summary>
            <param name="value">The cookie value to parse.</param>
            <returns>The <see cref="T:Microsoft.AspNet.Localization.RequestCulture"/> or <c>null</c> if parsing fails.</returns>
        </member>
        <member name="T:Microsoft.AspNet.Localization.CustomRequestCultureProvider">
            <summary>
            Determines the culture information for a request via the configured delegate.
            </summary>
        </member>
        <member name="M:Microsoft.AspNet.Localization.CustomRequestCultureProvider.#ctor(System.Func{Microsoft.AspNet.Http.HttpContext,System.Threading.Tasks.Task{Microsoft.AspNet.Localization.RequestCulture}})">
            <summary>
            Creates a new <see cref="T:Microsoft.AspNet.Localization.CustomRequestCultureProvider"/> using the specified delegate.
            </summary>
            <param name="provider">The provider delegate.</param>
        </member>
        <member name="M:Microsoft.AspNet.Localization.CustomRequestCultureProvider.DetermineRequestCulture(Microsoft.AspNet.Http.HttpContext)">
            <inheritdoc />
        </member>
        <member name="T:Microsoft.AspNet.Localization.IRequestCultureFeature">
            <summary>
            Represents the feature that provides the current request's culture information.
            </summary>
        </member>
        <member name="P:Microsoft.AspNet.Localization.IRequestCultureFeature.RequestCulture">
            <summary>
            The <see cref="T:Microsoft.AspNet.Localization.RequestCulture"/> of the request.
            </summary>
        </member>
        <member name="P:Microsoft.AspNet.Localization.IRequestCultureFeature.Provider">
            <summary>
            The <see cref="T:Microsoft.AspNet.Localization.IRequestCultureProvider"/> that determined the request's culture information.
            If the value is <c>null</c> then no provider was used and the request's culture was set to the value of
            <see cref="P:Microsoft.AspNet.Localization.RequestLocalizationOptions.DefaultRequestCulture"/>.
            </summary>
        </member>
        <member name="T:Microsoft.AspNet.Localization.IRequestCultureProvider">
            <summary>
            Represents a provider for determining the culture information of an <see cref="T:Microsoft.AspNet.Http.HttpRequest"/>.
            </summary>
        </member>
        <member name="M:Microsoft.AspNet.Localization.IRequestCultureProvider.DetermineRequestCulture(Microsoft.AspNet.Http.HttpContext)">
            <summary>
            Implements the provider to determine the culture of the given request.
            </summary>
            <param name="httpContext">The <see cref="T:Microsoft.AspNet.Http.HttpContext"/> for the request.</param>
            <returns>
                The determined <see cref="T:Microsoft.AspNet.Localization.RequestCulture"/>.
                Returns <c>null</c> if the provider couldn't determine a <see cref="T:Microsoft.AspNet.Localization.RequestCulture"/>.
            </returns>
        </member>
        <member name="T:Microsoft.AspNet.Localization.QueryStringRequestCultureProvider">
            <summary>
            Determines the culture information for a request via values in the query string.
            </summary>
        </member>
        <member name="P:Microsoft.AspNet.Localization.QueryStringRequestCultureProvider.QueryStringKey">
            <summary>
            The key that contains the culture name.
            Defaults to "culture".
            </summary>
        </member>
        <member name="P:Microsoft.AspNet.Localization.QueryStringRequestCultureProvider.UIQueryStringKey">
            <summary>
            The key that contains the UI culture name. If not specified or no value is found,
            <see cref="P:Microsoft.AspNet.Localization.QueryStringRequestCultureProvider.QueryStringKey"/> will be used.
            Defaults to "ui-culture".
            </summary>
        </member>
        <member name="M:Microsoft.AspNet.Localization.QueryStringRequestCultureProvider.DetermineRequestCulture(Microsoft.AspNet.Http.HttpContext)">
            <inheritdoc />
        </member>
        <member name="T:Microsoft.AspNet.Localization.RequestCulture">
            <summary>
            Details about the culture for an <see cref="T:Microsoft.AspNet.Http.HttpRequest"/>.
            </summary>
        </member>
        <member name="M:Microsoft.AspNet.Localization.RequestCulture.#ctor(System.Globalization.CultureInfo)">
            <summary>
            Creates a new <see cref="T:Microsoft.AspNet.Localization.RequestCulture"/> object has its <see cref="P:Microsoft.AspNet.Localization.RequestCulture.Culture"/> and <see cref="P:Microsoft.AspNet.Localization.RequestCulture.UICulture"/>
            properties set to the same <see cref="T:System.Globalization.CultureInfo"/> value.
            </summary>
            <param name="culture">The <see cref="T:System.Globalization.CultureInfo"/> for the request.</param>
        </member>
        <member name="M:Microsoft.AspNet.Localization.RequestCulture.#ctor(System.Globalization.CultureInfo,System.Globalization.CultureInfo)">
            <summary>
            Creates a new <see cref="T:Microsoft.AspNet.Localization.RequestCulture"/> object has its <see cref="P:Microsoft.AspNet.Localization.RequestCulture.Culture"/> and <see cref="P:Microsoft.AspNet.Localization.RequestCulture.UICulture"/>
            properties set to the respective <see cref="T:System.Globalization.CultureInfo"/> values provided.
            </summary>
            <param name="culture">The <see cref="T:System.Globalization.CultureInfo"/> for the request to be used for formatting.</param>
            <param name="uiCulture">The <see cref="T:System.Globalization.CultureInfo"/> for the request to be used for text, i.e. language.</param>
        </member>
        <member name="P:Microsoft.AspNet.Localization.RequestCulture.Culture">
            <summary>
            Gets the <see cref="T:System.Globalization.CultureInfo"/> for the request to be used for formatting.
            </summary>
        </member>
        <member name="P:Microsoft.AspNet.Localization.RequestCulture.UICulture">
            <summary>
            Gets the <see cref="T:System.Globalization.CultureInfo"/> for the request to be used for text, i.e. language;
            </summary>
        </member>
        <member name="T:Microsoft.AspNet.Localization.RequestCultureFeature">
            <summary>
            Provides the current request's culture information.
            </summary>
        </member>
        <member name="M:Microsoft.AspNet.Localization.RequestCultureFeature.#ctor(Microsoft.AspNet.Localization.RequestCulture,Microsoft.AspNet.Localization.IRequestCultureProvider)">
            <summary>
            Creates a new <see cref="T:Microsoft.AspNet.Localization.RequestCultureFeature"/> with the specified <see cref="T:Microsoft.AspNet.Localization.RequestCulture"/>.
            </summary>
            <param name="requestCulture">The <see cref="T:Microsoft.AspNet.Localization.RequestCulture"/>.</param>
            <param name="provider">The <see cref="T:Microsoft.AspNet.Localization.IRequestCultureProvider"/>.</param>
        </member>
        <member name="P:Microsoft.AspNet.Localization.RequestCultureFeature.RequestCulture">
            <inheritdoc />
        </member>
        <member name="P:Microsoft.AspNet.Localization.RequestCultureFeature.Provider">
            <inheritdoc />
        </member>
        <member name="T:Microsoft.AspNet.Localization.RequestCultureProvider">
            <summary>
            An abstract base class provider for determining the culture information of an <see cref="T:Microsoft.AspNet.Http.HttpRequest"/>.
            </summary>
        </member>
        <member name="P:Microsoft.AspNet.Localization.RequestCultureProvider.Options">
            <summary>
            The current options for the <see cref="T:Microsoft.AspNet.Localization.RequestLocalizationMiddleware"/>.
            </summary>
        </member>
        <member name="M:Microsoft.AspNet.Localization.RequestCultureProvider.DetermineRequestCulture(Microsoft.AspNet.Http.HttpContext)">
            <inheritdoc />
        </member>
        <member name="M:Microsoft.AspNet.Localization.RequestCultureProvider.ValidateRequestCulture(Microsoft.AspNet.Localization.RequestCulture)">
            <summary>
            Determines if the given <see cref="T:Microsoft.AspNet.Localization.RequestCulture"/> is valid according to the currently configured.
            <see cref="T:Microsoft.AspNet.Localization.RequestLocalizationOptions"/>.
            </summary>
            <param name="requestCulture">The <see cref="T:Microsoft.AspNet.Localization.RequestCulture"/> to validate.</param>
            <returns>
            The original <see cref="T:Microsoft.AspNet.Localization.RequestCulture"/> if it was valid, otherwise a new <see cref="T:Microsoft.AspNet.Localization.RequestCulture"/>
            with values for <see cref="P:Microsoft.AspNet.Localization.RequestCulture.Culture"/> and <see cref="P:Microsoft.AspNet.Localization.RequestCulture.UICulture"/> that are
            valid for the current configuration, or <c>null</c> if neither <see cref="P:Microsoft.AspNet.Localization.RequestCulture.Culture"/> or
            <see cref="P:Microsoft.AspNet.Localization.RequestCulture.UICulture"/> were valid.
            </returns>
        </member>
        <member name="T:Microsoft.AspNet.Localization.RequestLocalizationMiddleware">
            <summary>
            Enables automatic setting of the culture for <see cref="T:Microsoft.AspNet.Http.HttpRequest"/>s based on information
            sent by the client in headers and logic provided by the application.
            </summary>
        </member>
        <member name="M:Microsoft.AspNet.Localization.RequestLocalizationMiddleware.#ctor(Microsoft.AspNet.Builder.RequestDelegate,Microsoft.AspNet.Localization.RequestLocalizationOptions)">
            <summary>
            Creates a new <see cref="T:Microsoft.AspNet.Localization.RequestLocalizationMiddleware"/>.
            </summary>
            <param name="next">The <see cref="T:Microsoft.AspNet.Builder.RequestDelegate"/> representing the next middleware in the pipeline.</param>
            <param name="options">The <see cref="T:Microsoft.AspNet.Localization.RequestLocalizationOptions"/> representing the options for the <see cref="T:Microsoft.AspNet.Localization.RequestLocalizationMiddleware"/>.</param>
        </member>
        <member name="M:Microsoft.AspNet.Localization.RequestLocalizationMiddleware.Invoke(Microsoft.AspNet.Http.HttpContext)">
            <summary>
            Invokes the logic of the middleware.
            </summary>
            <param name="context">The <see cref="T:Microsoft.AspNet.Http.HttpContext"/>.</param>
            <returns>A <see cref="T:System.Threading.Tasks.Task"/> that completes when the middleware has completed processing.</returns>
        </member>
        <member name="T:Microsoft.AspNet.Localization.RequestLocalizationOptions">
            <summary>
            Specifies options for the <see cref="T:Microsoft.AspNet.Localization.RequestLocalizationMiddleware"/>.
            </summary>
        </member>
        <member name="M:Microsoft.AspNet.Localization.RequestLocalizationOptions.#ctor">
            <summary>
            Creates a new <see cref="T:Microsoft.AspNet.Localization.RequestLocalizationOptions"/> with default values.
            </summary>
        </member>
        <member name="P:Microsoft.AspNet.Localization.RequestLocalizationOptions.DefaultRequestCulture">
            <summary>
            The default <see cref="T:Microsoft.AspNet.Localization.RequestCulture"/> to use. This value will be used if none of the configured
            <see cref="T:Microsoft.AspNet.Localization.IRequestCultureProvider"/> options result in a non-<c>null</c> result.
            Defaults to <see cref="P:Microsoft.AspNet.Localization.RequestCulture.Culture"/> set to <see cref="P:System.Globalization.CultureInfo.DefaultThreadCurrentCulture"/>
            and <see cref="P:Microsoft.AspNet.Localization.RequestCulture.UICulture"/> set to <see cref="P:System.Globalization.CultureInfo.DefaultThreadCurrentUICulture"/>.
            </summary>
        </member>
        <member name="P:Microsoft.AspNet.Localization.RequestLocalizationOptions.SupportedCultures">
            <summary>
            The cultures supported by the application. If this value is non-<c>null</c>, the
            <see cref="T:Microsoft.AspNet.Localization.RequestLocalizationMiddleware"/> will only set the current request culture to an entry in this
            list. A value of <c>null</c> means all cultures are supported.
            Defaults to <c>null</c>.
            </summary>
        </member>
        <member name="P:Microsoft.AspNet.Localization.RequestLocalizationOptions.SupportedUICultures">
            <summary>
            The UI cultures supported by the application. If this value is non-<c>null</c>, the
            <see cref="T:Microsoft.AspNet.Localization.RequestLocalizationMiddleware"/> will only set the current request culture to an entry in this
            list. A value of <c>null</c> means all cultures are supported.
            Defaults to <c>null</c>.
            </summary>
        </member>
        <member name="P:Microsoft.AspNet.Localization.RequestLocalizationOptions.RequestCultureProviders">
            <summary>
            An ordered list of providers used to determine a request's culture information. The first provider that
            returns a non-<c>null</c> result for a given request will be used.
            Defaults to the following:
            <list type="number">
                <item><description><see cref="T:Microsoft.AspNet.Localization.QueryStringRequestCultureProvider"/></description></item>
                <item><description><see cref="T:Microsoft.AspNet.Localization.CookieRequestCultureProvider"/></description></item>
                <item><description><see cref="T:Microsoft.AspNet.Localization.AcceptLanguageHeaderRequestCultureProvider"/></description></item>
            </list>
            </summary>
        </member>
        <member name="T:Microsoft.AspNet.Builder.ApplicationBuilderExtensions">
            <summary>
            Extension methods for adding the <see cref="T:Microsoft.AspNet.Localization.RequestLocalizationMiddleware"/> to an application.
            </summary>
        </member>
        <member name="M:Microsoft.AspNet.Builder.ApplicationBuilderExtensions.UseRequestLocalization(Microsoft.AspNet.Builder.IApplicationBuilder)">
            <summary>
            Adds the <see cref="T:Microsoft.AspNet.Localization.RequestLocalizationMiddleware"/> to automatically set culture information for
            requests based on information provided by the client using the default options.
            </summary>
            <param name="builder">The <see cref="T:Microsoft.AspNet.Builder.IApplicationBuilder"/>.</param>
            <returns>The <see cref="T:Microsoft.AspNet.Builder.IApplicationBuilder"/>.</returns>
        </member>
        <member name="M:Microsoft.AspNet.Builder.ApplicationBuilderExtensions.UseRequestLocalization(Microsoft.AspNet.Builder.IApplicationBuilder,Microsoft.AspNet.Localization.RequestLocalizationOptions)">
            <summary>
            Adds the <see cref="T:Microsoft.AspNet.Localization.RequestLocalizationMiddleware"/> to automatically set culture information for
            requests based on information provided by the client.
            </summary>
            <param name="builder">The <see cref="T:Microsoft.AspNet.Builder.IApplicationBuilder"/>.</param>
            <param name="options">The options to configure the middleware with.</param>
            <returns>The <see cref="T:Microsoft.AspNet.Builder.IApplicationBuilder"/>.</returns>
        </member>
    </members>
</doc>
