<?xml version="1.0"?>
<doc>
    <assembly>
        <name>Microsoft.AspNet.Mvc.Razor.Host</name>
    </assembly>
    <members>
        <member name="T:Microsoft.AspNet.Mvc.Razor.GeneratedTagHelperAttributeContext">
            <summary>
            Contains information for the <see cref="T:Microsoft.AspNet.Razor.Runtime.TagHelpers.ITagHelper"/> attribute code
            generation process.
            </summary>
        </member>
        <member name="P:Microsoft.AspNet.Mvc.Razor.GeneratedTagHelperAttributeContext.ModelExpressionTypeName">
            <summary>
            Name of the model expression type.
            </summary>
        </member>
        <member name="P:Microsoft.AspNet.Mvc.Razor.GeneratedTagHelperAttributeContext.CreateModelExpressionMethodName">
            <summary>
            Name the method to create <c>ModelExpression</c>s.
            </summary>
        </member>
        <member name="T:Microsoft.AspNet.Mvc.Razor.IMvcRazorHost">
            <summary>
            Specifies the contracts for a Razor host that parses Razor files and generates C# code.
            </summary>
        </member>
        <member name="M:Microsoft.AspNet.Mvc.Razor.IMvcRazorHost.GenerateCode(System.String,System.IO.Stream)">
            <summary>
            Parses and generates the contents of a Razor file represented by <paramref name="inputStream"/>.
            </summary>
            <param name="rootRelativePath">The path of the relative to the root of the application.
            Used to generate line pragmas and calculate the class name of the generated type.</param>
            <param name="inputStream">A <see cref="T:System.IO.Stream"/> that represents the Razor contents.</param>
            <returns>A <see cref="T:Microsoft.AspNet.Razor.CodeGenerators.GeneratorResults"/> instance that represents the results of code generation.
            </returns>
        </member>
        <member name="P:Microsoft.AspNet.Mvc.Razor.IMvcRazorHost.MainClassNamePrefix">
            <summary>
            Represent the prefix off the main entry class in the view.
            </summary>
        </member>
        <member name="P:Microsoft.AspNet.Mvc.Razor.IMvcRazorHost.DefaultNamespace">
            <summary>
            Represent the namespace the main entry class in the view.
            </summary>
        </member>
        <member name="M:Microsoft.AspNet.Mvc.Razor.InjectChunk.#ctor(System.String,System.String)">
            <summary>
            Represents the chunk for an @inject statement.
            </summary>
            <param name="typeName">The type name of the property to be injected</param>
            <param name="propertyName">The member name of the property to be injected.</param>
        </member>
        <member name="P:Microsoft.AspNet.Mvc.Razor.InjectChunk.TypeName">
            <summary>
            Gets or sets the type name of the property to be injected.
            </summary>
        </member>
        <member name="P:Microsoft.AspNet.Mvc.Razor.InjectChunk.MemberName">
            <summary>
            Gets or sets the name of the property to be injected.
            </summary>
        </member>
        <member name="M:Microsoft.AspNet.Mvc.Razor.ModelChunk.#ctor(System.String,System.String)">
            <summary>
            Represents the chunk for an @model statement.
            </summary>
            <param name="baseType">The base type of the view.</param>
            <param name="modelType">The type of the view's Model.</param>
        </member>
        <member name="M:Microsoft.AspNet.Mvc.Razor.MvcRazorHost.#ctor(System.String)">
            <summary>
            Initializes a new instance of <see cref="T:Microsoft.AspNet.Mvc.Razor.MvcRazorHost"/> with the specified  <paramref name="root"/>.
            </summary>
            <param name="root">The path to the application base.</param>
        </member>
        <member name="M:Microsoft.AspNet.Mvc.Razor.MvcRazorHost.#ctor(Microsoft.AspNet.Mvc.Razor.Directives.IChunkTreeCache)">
            <summary>
            Initializes a new instance of <see cref="T:Microsoft.AspNet.Mvc.Razor.MvcRazorHost"/> using the specified <paramref name="chunkTreeCache"/>.
            </summary>
            <param name="chunkTreeCache">An <see cref="T:Microsoft.AspNet.Mvc.Razor.Directives.IChunkTreeCache"/> rooted at the application base path.</param>
        </member>
        <member name="P:Microsoft.AspNet.Mvc.Razor.MvcRazorHost.TagHelperDescriptorResolver">
            <inheritdoc />
        </member>
        <member name="P:Microsoft.AspNet.Mvc.Razor.MvcRazorHost.DefaultModel">
            <summary>
            Gets the model type used by default when no model is specified.
            </summary>
            <remarks>This value is used as the generic type argument for the base type </remarks>
        </member>
        <member name="P:Microsoft.AspNet.Mvc.Razor.MvcRazorHost.MainClassNamePrefix">
            <inheritdoc />
        </member>
        <member name="P:Microsoft.AspNet.Mvc.Razor.MvcRazorHost.DefaultInheritedChunks">
            <summary>
            Gets the list of chunks that are injected by default by this host.
            </summary>
        </member>
        <member name="P:Microsoft.AspNet.Mvc.Razor.MvcRazorHost.InjectAttribute">
            <summary>
            Gets or sets the name attribute that is used to decorate properties that are injected and need to be
            activated.
            </summary>
        </member>
        <member name="P:Microsoft.AspNet.Mvc.Razor.MvcRazorHost.ModelExpressionType">
            <summary>
            Gets the type name used to represent <see cref="T:Microsoft.AspNet.Razor.Runtime.TagHelpers.ITagHelper"/> model expression properties.
            </summary>
        </member>
        <member name="P:Microsoft.AspNet.Mvc.Razor.MvcRazorHost.CreateModelExpressionMethod">
            <summary>
            Gets the method name used to create model expressions.
            </summary>
        </member>
        <member name="M:Microsoft.AspNet.Mvc.Razor.MvcRazorHost.GenerateCode(System.String,System.IO.Stream)">
            <inheritdoc />
        </member>
        <member name="M:Microsoft.AspNet.Mvc.Razor.MvcRazorHost.DecorateRazorParser(Microsoft.AspNet.Razor.Parser.RazorParser,System.String)">
            <inheritdoc />
        </member>
        <member name="M:Microsoft.AspNet.Mvc.Razor.MvcRazorHost.DecorateCodeParser(Microsoft.AspNet.Razor.Parser.ParserBase)">
            <inheritdoc />
        </member>
        <member name="M:Microsoft.AspNet.Mvc.Razor.MvcRazorHost.DecorateCodeGenerator(Microsoft.AspNet.Razor.CodeGenerators.CodeGenerator,Microsoft.AspNet.Razor.CodeGenerators.CodeGeneratorContext)">
            <inheritdoc />
        </member>
        <member name="T:Microsoft.AspNet.Mvc.Razor.MvcRazorParser">
            <summary>
            A subtype of <see cref="T:Microsoft.AspNet.Razor.Parser.RazorParser"/> that <see cref="T:Microsoft.AspNet.Mvc.Razor.MvcRazorHost"/> uses to support inheritance of tag
            helpers from <c>_ViewImports</c> files.
            </summary>
        </member>
        <member name="M:Microsoft.AspNet.Mvc.Razor.MvcRazorParser.#ctor(Microsoft.AspNet.Razor.Parser.RazorParser,System.Collections.Generic.IReadOnlyList{Microsoft.AspNet.Razor.Chunks.ChunkTree},System.Collections.Generic.IReadOnlyList{Microsoft.AspNet.Razor.Chunks.Chunk},System.String)">
            <summary>
            Initializes a new instance of <see cref="T:Microsoft.AspNet.Mvc.Razor.MvcRazorParser"/>.
            </summary>
            <param name="parser">The <see cref="T:Microsoft.AspNet.Razor.Parser.RazorParser"/> to copy properties from.</param>
            <param name="inheritedChunkTrees">The <see cref="T:System.Collections.Generic.IReadOnlyList`1"/>s that are inherited
            from parsed pages from _ViewImports files.</param>
            <param name="defaultInheritedChunks">The <see cref="T:System.Collections.Generic.IReadOnlyList`1"/> inherited by
            default by all Razor pages in the application.</param>
        </member>
        <member name="M:Microsoft.AspNet.Mvc.Razor.MvcRazorParser.GetTagHelperDescriptors(Microsoft.AspNet.Razor.Parser.SyntaxTree.Block,Microsoft.AspNet.Razor.ErrorSink)">
            <inheritdoc />
        </member>
        <member name="T:Microsoft.AspNet.Mvc.Razor.MvcTagHelperAttributeValueCodeRenderer">
            <inheritdoc />
        </member>
        <member name="M:Microsoft.AspNet.Mvc.Razor.MvcTagHelperAttributeValueCodeRenderer.#ctor(Microsoft.AspNet.Mvc.Razor.GeneratedTagHelperAttributeContext)">
            <summary>
            Instantiates a new instance of <see cref="T:Microsoft.AspNet.Mvc.Razor.MvcTagHelperAttributeValueCodeRenderer"/>.
            </summary>
            <param name="context">Contains code generation information for rendering attribute values.</param>
        </member>
        <member name="M:Microsoft.AspNet.Mvc.Razor.MvcTagHelperAttributeValueCodeRenderer.RenderAttributeValue(Microsoft.AspNet.Razor.TagHelpers.TagHelperAttributeDescriptor,Microsoft.AspNet.Razor.CodeGenerators.CSharpCodeWriter,Microsoft.AspNet.Razor.CodeGenerators.CodeGeneratorContext,System.Action{Microsoft.AspNet.Razor.CodeGenerators.CSharpCodeWriter},System.Boolean)">
            <inheritdoc />
            <remarks>If the attribute being rendered is of the type
            <see cref="P:Microsoft.AspNet.Mvc.Razor.GeneratedTagHelperAttributeContext.ModelExpressionTypeName"/>, then a model expression will be
            created by calling into <see cref="P:Microsoft.AspNet.Mvc.Razor.GeneratedTagHelperAttributeContext.CreateModelExpressionMethodName"/>.
            </remarks>
        </member>
        <member name="T:Microsoft.AspNet.Mvc.Razor.ViewHierarchyUtility">
            <summary>
            Contains methods to locate <c>_ViewStart.cshtml</c> and <c>_ViewImports.cshtml</c>
            </summary>
        </member>
        <member name="M:Microsoft.AspNet.Mvc.Razor.ViewHierarchyUtility.GetViewStartLocations(System.String)">
            <summary>
            Gets the view start locations that are applicable to the specified path.
            </summary>
            <param name="applicationRelativePath">The application relative path of the file to locate
            <c>_ViewStart</c>s for.</param>
            <returns>A sequence of paths that represent potential view start locations.</returns>
            <remarks>
            This method returns paths starting from the directory of <paramref name="applicationRelativePath"/> and
            moves upwards until it hits the application root.
            e.g.
            /Views/Home/View.cshtml -> [ /Views/Home/_ViewStart.cshtml, /Views/_ViewStart.cshtml, /_ViewStart.cshtml ]
            </remarks>
        </member>
        <member name="M:Microsoft.AspNet.Mvc.Razor.ViewHierarchyUtility.GetViewImportsLocations(System.String)">
            <summary>
            Gets the locations for <c>_ViewImports</c>s that are applicable to the specified path.
            </summary>
            <param name="applicationRelativePath">The application relative path of the file to locate
            <c>_ViewImports</c>s for.</param>
            <returns>A sequence of paths that represent potential <c>_ViewImports</c> locations.</returns>
            <remarks>
            This method returns paths starting from the directory of <paramref name="applicationRelativePath"/> and
            moves upwards until it hits the application root.
            e.g.
            /Views/Home/View.cshtml -> [ /Views/Home/_ViewImports.cshtml, /Views/_ViewImports.cshtml,
                                         /_ViewImports.cshtml ]
            </remarks>
        </member>
        <member name="T:Microsoft.AspNet.Mvc.Razor.Directives.ChunkHelper">
            <summary>
            Contains helper methods for dealing with Chunks
            </summary>
        </member>
        <member name="M:Microsoft.AspNet.Mvc.Razor.Directives.ChunkHelper.EnsureChunk``1(Microsoft.AspNet.Razor.Chunks.Chunk)">
            <summary>
            Attempts to cast the passed in <see cref="T:Microsoft.AspNet.Razor.Chunks.Chunk"/> to type <typeparamref name="TChunk"/> and throws if the
            cast fails.
            </summary>
            <typeparam name="TChunk">The type to cast to.</typeparam>
            <param name="chunk">The chunk to cast.</param>
            <returns>The <paramref name="chunk"/> cast to <typeparamref name="TChunk"/>.</returns>
            <exception cref="T:System.ArgumentException"><paramref name="chunk"/> is not an instance of
            <typeparamref name="TChunk"/>.</exception>
        </member>
        <member name="M:Microsoft.AspNet.Mvc.Razor.Directives.ChunkHelper.GetModelChunk(Microsoft.AspNet.Razor.Chunks.ChunkTree)">
            <summary>
            Returns the <see cref="T:Microsoft.AspNet.Mvc.Razor.ModelChunk"/> used to determine the model name for the page generated
            using the specified <paramref name="chunkTree"/>
            </summary>
            <param name="chunkTree">The <see cref="T:Microsoft.AspNet.Razor.Chunks.ChunkTree"/> to scan for <see cref="T:Microsoft.AspNet.Mvc.Razor.ModelChunk"/>s in.</param>
            <returns>The last <see cref="T:Microsoft.AspNet.Mvc.Razor.ModelChunk"/> in the <see cref="T:Microsoft.AspNet.Razor.Chunks.ChunkTree"/> if found, <c>null</c> otherwise.
            </returns>
        </member>
        <member name="M:Microsoft.AspNet.Mvc.Razor.Directives.ChunkHelper.GetModelTypeName(Microsoft.AspNet.Razor.Chunks.ChunkTree,System.String)">
            <summary>
            Returns the type name of the Model specified via a <see cref="T:Microsoft.AspNet.Mvc.Razor.ModelChunk"/> in the
            <paramref name="chunkTree"/> if specified or the default model type.
            </summary>
            <param name="chunkTree">The <see cref="T:Microsoft.AspNet.Razor.Chunks.ChunkTree"/> to scan for <see cref="T:Microsoft.AspNet.Mvc.Razor.ModelChunk"/>s in.</param>
            <param name="defaultModelName">The <see cref="T:System.Type"/> name of the default model.</param>
            <returns>The model type name for the generated page.</returns>
        </member>
        <member name="M:Microsoft.AspNet.Mvc.Razor.Directives.ChunkHelper.ReplaceTModel(System.String,System.String)">
            <summary>
            Returns a string with the &lt;TModel&gt; token replaced with the value specified in
            <paramref name="modelName"/>.
            </summary>
            <param name="value">The string to replace the token in.</param>
            <param name="modelName">The model name to replace with.</param>
            <returns>A string with the token replaced.</returns>
        </member>
        <member name="T:Microsoft.AspNet.Mvc.Razor.Directives.ChunkInheritanceUtility">
            <summary>
            A utility type for supporting inheritance of directives into a page from applicable <c>_ViewImports</c> pages.
            </summary>
        </member>
        <member name="M:Microsoft.AspNet.Mvc.Razor.Directives.ChunkInheritanceUtility.#ctor(Microsoft.AspNet.Mvc.Razor.MvcRazorHost,Microsoft.AspNet.Mvc.Razor.Directives.IChunkTreeCache,System.Collections.Generic.IReadOnlyList{Microsoft.AspNet.Razor.Chunks.Chunk})">
            <summary>
            Initializes a new instance of <see cref="T:Microsoft.AspNet.Mvc.Razor.Directives.ChunkInheritanceUtility"/>.
            </summary>
            <param name="razorHost">The <see cref="T:Microsoft.AspNet.Mvc.Razor.MvcRazorHost"/> used to parse <c>_ViewImports</c> pages.</param>
            <param name="chunkTreeCache"><see cref="T:Microsoft.AspNet.Mvc.Razor.Directives.IChunkTreeCache"/> that caches <see cref="T:Microsoft.AspNet.Razor.Chunks.ChunkTree"/> instances.
            </param>
            <param name="defaultInheritedChunks">Sequence of <see cref="T:Microsoft.AspNet.Razor.Chunks.Chunk"/>s inherited by default.</param>
        </member>
        <member name="M:Microsoft.AspNet.Mvc.Razor.Directives.ChunkInheritanceUtility.GetInheritedChunkTrees(System.String)">
            <summary>
            Gets an ordered <see cref="T:System.Collections.Generic.IReadOnlyList`1"/> of parsed <see cref="T:Microsoft.AspNet.Razor.Chunks.ChunkTree"/> for each
            <c>_ViewImports</c> that is applicable to the page located at <paramref name="pagePath"/>. The list is
            ordered so that the <see cref="T:Microsoft.AspNet.Razor.Chunks.ChunkTree"/> for the <c>_ViewImports</c> closest to the
            <paramref name="pagePath"/> in the file system appears first.
            </summary>
            <param name="pagePath">The path of the page to locate inherited chunks for.</param>
            <returns>A <see cref="T:System.Collections.Generic.IReadOnlyList`1"/> of parsed <c>_ViewImports</c>
            <see cref="T:Microsoft.AspNet.Razor.Chunks.ChunkTree"/>s.</returns>
        </member>
        <member name="M:Microsoft.AspNet.Mvc.Razor.Directives.ChunkInheritanceUtility.MergeInheritedChunkTrees(Microsoft.AspNet.Razor.Chunks.ChunkTree,System.Collections.Generic.IReadOnlyList{Microsoft.AspNet.Razor.Chunks.ChunkTree},System.String)">
            <summary>
            Merges <see cref="T:Microsoft.AspNet.Razor.Chunks.Chunk"/> inherited by default and <see cref="T:Microsoft.AspNet.Razor.Chunks.ChunkTree"/> instances produced by parsing
            <c>_ViewImports</c> files into the specified <paramref name="chunkTree"/>.
            </summary>
            <param name="chunkTree">The <see cref="T:Microsoft.AspNet.Razor.Chunks.ChunkTree"/> to merge in to.</param>
            <param name="inheritedChunkTrees"><see cref="T:System.Collections.Generic.IReadOnlyList`1"/> inherited from <c>_ViewImports</c>
            files.</param>
            <param name="defaultModel">The list of chunks to merge.</param>
        </member>
        <member name="T:Microsoft.AspNet.Mvc.Razor.Directives.DefaultChunkTreeCache">
            <summary>
            Default implementation of <see cref="T:Microsoft.AspNet.Mvc.Razor.Directives.IChunkTreeCache"/>.
            </summary>
        </member>
        <member name="M:Microsoft.AspNet.Mvc.Razor.Directives.DefaultChunkTreeCache.#ctor(Microsoft.AspNet.FileProviders.IFileProvider)">
            <summary>
            Initializes a new instance of <see cref="T:Microsoft.AspNet.Mvc.Razor.Directives.DefaultChunkTreeCache"/>.
            </summary>
            <param name="fileProvider">The application's <see cref="T:Microsoft.AspNet.FileProviders.IFileProvider"/>.</param>
        </member>
        <member name="M:Microsoft.AspNet.Mvc.Razor.Directives.DefaultChunkTreeCache.GetOrAdd(System.String,System.Func{Microsoft.AspNet.FileProviders.IFileInfo,Microsoft.AspNet.Razor.Chunks.ChunkTree})">
            <inheritdoc />
        </member>
        <member name="T:Microsoft.AspNet.Mvc.Razor.Directives.IChunkMerger">
            <summary>
            Defines the contract for merging <see cref="T:Microsoft.AspNet.Razor.Chunks.Chunk"/> instances from _ViewStart files.
            </summary>
        </member>
        <member name="M:Microsoft.AspNet.Mvc.Razor.Directives.IChunkMerger.VisitChunk(Microsoft.AspNet.Razor.Chunks.Chunk)">
            <summary>
            Visits a <see cref="T:Microsoft.AspNet.Razor.Chunks.Chunk"/> from the <see cref="T:Microsoft.AspNet.Razor.Chunks.ChunkTree"/> to merge into.
            </summary>
            <param name="chunk">A <see cref="T:Microsoft.AspNet.Razor.Chunks.Chunk"/> from the tree.</param>
        </member>
        <member name="M:Microsoft.AspNet.Mvc.Razor.Directives.IChunkMerger.Merge(Microsoft.AspNet.Razor.Chunks.ChunkTree,Microsoft.AspNet.Razor.Chunks.Chunk)">
            <summary>
            Merges an inherited <see cref="T:Microsoft.AspNet.Razor.Chunks.Chunk"/> into the <see cref="T:Microsoft.AspNet.Razor.Chunks.ChunkTree"/>.
            </summary>
            <param name="ChunkTree">The <see cref="T:Microsoft.AspNet.Razor.Chunks.ChunkTree"/> to merge into.</param>
            <param name="chunk">The <see cref="T:Microsoft.AspNet.Razor.Chunks.Chunk"/> to merge.</param>
        </member>
        <member name="T:Microsoft.AspNet.Mvc.Razor.Directives.IChunkTreeCache">
            <summary>
            A cache for parsed <see cref="T:Microsoft.AspNet.Razor.Chunks.ChunkTree"/>s.
            </summary>
        </member>
        <member name="M:Microsoft.AspNet.Mvc.Razor.Directives.IChunkTreeCache.GetOrAdd(System.String,System.Func{Microsoft.AspNet.FileProviders.IFileInfo,Microsoft.AspNet.Razor.Chunks.ChunkTree})">
            <summary>
            Get an existing <see cref="T:Microsoft.AspNet.Razor.Chunks.ChunkTree"/>, or create and add a new one if it is
            not available in the cache or is expired.
            </summary>
            <param name="pagePath">The application relative path of the Razor page.</param>
            <param name="getChunkTree">A delegate that creates a new <see cref="T:Microsoft.AspNet.Razor.Chunks.ChunkTree"/>.</param>
            <returns>The <see cref="T:Microsoft.AspNet.Razor.Chunks.ChunkTree"/> if a file exists at <paramref name="pagePath"/>,
            <c>null</c> otherwise.</returns>
            <remarks>The resulting <see cref="T:Microsoft.AspNet.Razor.Chunks.ChunkTree"/> does not contain inherited chunks from _ViewStart or
            default inherited chunks.</remarks>
        </member>
        <member name="T:Microsoft.AspNet.Mvc.Razor.Directives.InjectChunkMerger">
            <summary>
            A <see cref="T:Microsoft.AspNet.Mvc.Razor.Directives.IChunkMerger"/> that merges <see cref="T:Microsoft.AspNet.Mvc.Razor.InjectChunk"/> instances.
            </summary>
        </member>
        <member name="M:Microsoft.AspNet.Mvc.Razor.Directives.InjectChunkMerger.#ctor(System.String)">
            <summary>
            Initializes a new instance of <see cref="T:Microsoft.AspNet.Mvc.Razor.Directives.InjectChunkMerger"/>.
            </summary>
            <param name="modelType">The model type to be used to replace &lt;TModel&gt; tokens.</param>
        </member>
        <member name="M:Microsoft.AspNet.Mvc.Razor.Directives.InjectChunkMerger.VisitChunk(Microsoft.AspNet.Razor.Chunks.Chunk)">
            <inheritdoc />
        </member>
        <member name="M:Microsoft.AspNet.Mvc.Razor.Directives.InjectChunkMerger.Merge(Microsoft.AspNet.Razor.Chunks.ChunkTree,Microsoft.AspNet.Razor.Chunks.Chunk)">
            <inheritdoc />
        </member>
        <member name="T:Microsoft.AspNet.Mvc.Razor.Directives.SetBaseTypeChunkMerger">
            <summary>
            A <see cref="T:Microsoft.AspNet.Mvc.Razor.Directives.IChunkMerger"/> that merges <see cref="T:Microsoft.AspNet.Razor.Chunks.SetBaseTypeChunk"/> instances.
            </summary>
        </member>
        <member name="M:Microsoft.AspNet.Mvc.Razor.Directives.SetBaseTypeChunkMerger.#ctor(System.String)">
            <summary>
            Initializes a new instance of <see cref="T:Microsoft.AspNet.Mvc.Razor.Directives.SetBaseTypeChunkMerger"/>.
            </summary>
            <param name="modelType">The type name of the model used by default.</param>
        </member>
        <member name="M:Microsoft.AspNet.Mvc.Razor.Directives.SetBaseTypeChunkMerger.VisitChunk(Microsoft.AspNet.Razor.Chunks.Chunk)">
            <inheritdoc />
        </member>
        <member name="M:Microsoft.AspNet.Mvc.Razor.Directives.SetBaseTypeChunkMerger.Merge(Microsoft.AspNet.Razor.Chunks.ChunkTree,Microsoft.AspNet.Razor.Chunks.Chunk)">
            <inheritdoc />
        </member>
        <member name="T:Microsoft.AspNet.Mvc.Razor.Directives.UsingChunkMerger">
            <summary>
            A <see cref="T:Microsoft.AspNet.Mvc.Razor.Directives.IChunkMerger"/> that merges <see cref="T:Microsoft.AspNet.Razor.Chunks.UsingChunk"/> instances.
            </summary>
        </member>
        <member name="M:Microsoft.AspNet.Mvc.Razor.Directives.UsingChunkMerger.VisitChunk(Microsoft.AspNet.Razor.Chunks.Chunk)">
            <inheritdoc />
        </member>
        <member name="M:Microsoft.AspNet.Mvc.Razor.Directives.UsingChunkMerger.Merge(Microsoft.AspNet.Razor.Chunks.ChunkTree,Microsoft.AspNet.Razor.Chunks.Chunk)">
            <inheritdoc />
        </member>
        <member name="P:Microsoft.AspNet.Mvc.Razor.Host.Resources.ArgumentCannotBeNullOrEmpy">
            <summary>
            Value cannot be null or empty.
            </summary>
        </member>
        <member name="M:Microsoft.AspNet.Mvc.Razor.Host.Resources.FormatArgumentCannotBeNullOrEmpy">
            <summary>
            Value cannot be null or empty.
            </summary>
        </member>
        <member name="P:Microsoft.AspNet.Mvc.Razor.Host.Resources.ArgumentMustBeOfType">
            <summary>
            Argument must be an instance of '{0}'.
            </summary>
        </member>
        <member name="M:Microsoft.AspNet.Mvc.Razor.Host.Resources.FormatArgumentMustBeOfType(System.Object)">
            <summary>
            Argument must be an instance of '{0}'.
            </summary>
        </member>
        <member name="P:Microsoft.AspNet.Mvc.Razor.Host.Resources.MvcRazorCodeParser_CannotHaveModelAndInheritsKeyword">
            <summary>
            The 'inherits' keyword is not allowed when a '{0}' keyword is used.
            </summary>
        </member>
        <member name="M:Microsoft.AspNet.Mvc.Razor.Host.Resources.FormatMvcRazorCodeParser_CannotHaveModelAndInheritsKeyword(System.Object)">
            <summary>
            The 'inherits' keyword is not allowed when a '{0}' keyword is used.
            </summary>
        </member>
        <member name="P:Microsoft.AspNet.Mvc.Razor.Host.Resources.MvcRazorCodeParser_InjectDirectivePropertyNameRequired">
            <summary>
            A property name must be specified when using the '{0}' statement. Format for a '{0}' statement is '@{0} &lt;Type Name&gt; &lt;Property Name&gt;'.
            </summary>
        </member>
        <member name="M:Microsoft.AspNet.Mvc.Razor.Host.Resources.FormatMvcRazorCodeParser_InjectDirectivePropertyNameRequired(System.Object)">
            <summary>
            A property name must be specified when using the '{0}' statement. Format for a '{0}' statement is '@{0} &lt;Type Name&gt; &lt;Property Name&gt;'.
            </summary>
        </member>
        <member name="P:Microsoft.AspNet.Mvc.Razor.Host.Resources.MvcRazorCodeParser_KeywordMustBeFollowedByTypeName">
            <summary>
            The '{0}' keyword must be followed by a type name on the same line.
            </summary>
        </member>
        <member name="M:Microsoft.AspNet.Mvc.Razor.Host.Resources.FormatMvcRazorCodeParser_KeywordMustBeFollowedByTypeName(System.Object)">
            <summary>
            The '{0}' keyword must be followed by a type name on the same line.
            </summary>
        </member>
        <member name="P:Microsoft.AspNet.Mvc.Razor.Host.Resources.MvcRazorCodeParser_OnlyOneModelStatementIsAllowed">
            <summary>
            Only one '{0}' statement is allowed in a file.
            </summary>
        </member>
        <member name="M:Microsoft.AspNet.Mvc.Razor.Host.Resources.FormatMvcRazorCodeParser_OnlyOneModelStatementIsAllowed(System.Object)">
            <summary>
            Only one '{0}' statement is allowed in a file.
            </summary>
        </member>
        <member name="P:Microsoft.AspNet.Mvc.Razor.Host.Resources.MvcRazorParser_InvalidPropertyType">
            <summary>
            Invalid tag helper property '{0}.{1}'. Dictionary values must not be of type '{2}'.
            </summary>
        </member>
        <member name="M:Microsoft.AspNet.Mvc.Razor.Host.Resources.FormatMvcRazorParser_InvalidPropertyType(System.Object,System.Object,System.Object)">
            <summary>
            Invalid tag helper property '{0}.{1}'. Dictionary values must not be of type '{2}'.
            </summary>
        </member>
        <member name="M:Microsoft.Framework.Internal.PropertyHelper.#ctor(System.Reflection.PropertyInfo)">
            <summary>
            Initializes a fast <see cref="T:Microsoft.Framework.Internal.PropertyHelper"/>.
            This constructor does not cache the helper. For caching, use <see cref="M:Microsoft.Framework.Internal.PropertyHelper.GetProperties(System.Object)"/>.
            </summary>
        </member>
        <member name="P:Microsoft.Framework.Internal.PropertyHelper.Property">
            <summary>
            Gets the backing <see cref="T:System.Reflection.PropertyInfo"/>.
            </summary>
        </member>
        <member name="P:Microsoft.Framework.Internal.PropertyHelper.Name">
            <summary>
            Gets (or sets in derived types) the property name.
            </summary>
        </member>
        <member name="P:Microsoft.Framework.Internal.PropertyHelper.ValueGetter">
            <summary>
            Gets the property value getter.
            </summary>
        </member>
        <member name="P:Microsoft.Framework.Internal.PropertyHelper.ValueSetter">
            <summary>
            Gets the property value setter.
            </summary>
        </member>
        <member name="M:Microsoft.Framework.Internal.PropertyHelper.GetValue(System.Object)">
            <summary>
            Returns the property value for the specified <paramref name="instance"/>.
            </summary>
            <param name="instance">The object whose property value will be returned.</param>
            <returns>The property value.</returns>
        </member>
        <member name="M:Microsoft.Framework.Internal.PropertyHelper.SetValue(System.Object,System.Object)">
            <summary>
            Sets the property value for the specified <paramref name="instance" />.
            </summary>
            <param name="instance">The object whose property value will be set.</param>
            <param name="value">The property value.</param>
        </member>
        <member name="M:Microsoft.Framework.Internal.PropertyHelper.GetProperties(System.Object)">
            <summary>
            Creates and caches fast property helpers that expose getters for every public get property on the
            underlying type.
            </summary>
            <param name="instance">the instance to extract property accessors for.</param>
            <returns>a cached array of all public property getters from the underlying type of target instance.
            </returns>
        </member>
        <member name="M:Microsoft.Framework.Internal.PropertyHelper.GetProperties(System.Type)">
            <summary>
            Creates and caches fast property helpers that expose getters for every public get property on the
            specified type.
            </summary>
            <param name="type">the type to extract property accessors for.</param>
            <returns>a cached array of all public property getters from the type of target instance.
            </returns>
        </member>
        <member name="M:Microsoft.Framework.Internal.PropertyHelper.GetVisibleProperties(System.Object)">
            <summary>
            <para>
            Creates and caches fast property helpers that expose getters for every non-hidden get property
            on the specified type.
            </para>
            <para>
            <see cref="M:Microsoft.Framework.Internal.PropertyHelper.GetVisibleProperties(System.Object)"/> excludes properties defined on base types that have been
            hidden by definitions using the <c>new</c> keyword.
            </para>
            </summary>
            <param name="instance">The instance to extract property accessors for.</param>
            <returns>
            A cached array of all public property getters from the instance's type.
            </returns>
        </member>
        <member name="M:Microsoft.Framework.Internal.PropertyHelper.GetVisibleProperties(System.Type)">
            <summary>
            <para>
            Creates a caches fast property helpers that expose getters for every non-hidden get property
            on the specified type.
            </para>
            <para>
            <see cref="M:Microsoft.Framework.Internal.PropertyHelper.GetVisibleProperties(System.Object)"/> excludes properties defined on base types that have been
            hidden by definitions using the <c>new</c> keyword.
            </para>
            </summary>
            <param name="type">The type to extract property accessors for.</param>
            <returns>
            A cached array of all public property getters from the type.
            </returns>
        </member>
        <member name="M:Microsoft.Framework.Internal.PropertyHelper.MakeFastPropertyGetter(System.Reflection.PropertyInfo)">
            <summary>
            Creates a single fast property getter. The result is not cached.
            </summary>
            <param name="propertyInfo">propertyInfo to extract the getter for.</param>
            <returns>a fast getter.</returns>
            <remarks>
            This method is more memory efficient than a dynamically compiled lambda, and about the
            same speed.
            </remarks>
        </member>
        <member name="M:Microsoft.Framework.Internal.PropertyHelper.MakeNullSafeFastPropertyGetter(System.Reflection.PropertyInfo)">
            <summary>
            Creates a single fast property getter which is safe for a null input object. The result is not cached.
            </summary>
            <param name="propertyInfo">propertyInfo to extract the getter for.</param>
            <returns>a fast getter.</returns>
            <remarks>
            This method is more memory efficient than a dynamically compiled lambda, and about the
            same speed.
            </remarks>
        </member>
        <member name="M:Microsoft.Framework.Internal.PropertyHelper.MakeFastPropertySetter(System.Reflection.PropertyInfo)">
            <summary>
            Creates a single fast property setter for reference types. The result is not cached.
            </summary>
            <param name="propertyInfo">propertyInfo to extract the setter for.</param>
            <returns>a fast getter.</returns>
            <remarks>
            This method is more memory efficient than a dynamically compiled lambda, and about the
            same speed. This only works for reference types.
            </remarks>
        </member>
        <member name="M:Microsoft.Framework.Internal.PropertyHelper.ObjectToDictionary(System.Object)">
             <summary>
             Given an object, adds each instance property with a public get method as a key and its
             associated value to a dictionary.
            
             If the object is already an <see cref="T:System.Collections.Generic.IDictionary`2"/> instance, then a copy
             is returned.
             </summary>
             <remarks>
             The implementation of PropertyHelper will cache the property accessors per-type. This is
             faster when the the same type is used multiple times with ObjectToDictionary.
             </remarks>
        </member>
    </members>
</doc>
